Iteration,Timestamp,T1,T1_std,T2*,T2*_std,T2E,T2E_std
1,2025-10-14 17:17:26,6.557684141705877e-06,2.468088254971654e-07,4.28127465257333e-06,3.050624128772426e-06,8.130773369252609e-06,4.778408182078949e-07
2,2025-10-14 17:18:22,1.944995517089154e-06,7.396277576061366e-08,4.362411420988366e-07,2.2936986414499638e-07,2.5256013327368265e-06,3.9759851182956047e-07
3,2025-10-14 17:19:17,1.86287257641915e-06,8.628992594242579e-08,2.499563178659514e-07,7.072312695008183e-07,1.3712360846795946e-06,2.418778066928841e-07
4,2025-10-14 17:20:11,1.890848570162973e-06,6.684114878119508e-08,2.517913912924996e-07,6.523299626550163e-07,2.5867441757476684e-06,4.4314900619026143e-07
5,2025-10-14 17:21:06,3.6358541430914215e-06,1.672339744491269e-07,2.3705685547881217e-06,2.3426156448204726e-07,6.034543292621208e-06,5.610122279503252e-07
6,2025-10-14 17:22:00,2.878985415177837e-06,1.5899863593794397e-07,1.7021357920921076e-06,2.0851800718777716e-07,4.666988373092096e-06,5.964325811843973e-07
7,2025-10-14 17:22:55,1.9026733966143183e-06,7.318459567988742e-08,2.5423438665406195e-07,6.515537562740994e-07,7.901300123069888e-07,1.83003890242478e-07
8,2025-10-14 17:23:49,4.237225233572062e-06,1.4318592365691514e-07,2.9681698321404326e-07,8.202466975672254e-07,6.077707012996925e-06,4.7327609323675135e-07
9,2025-10-14 17:24:44,4.545016667689694e-06,1.5869755388100948e-07,3.060172233393388e-07,8.040669891765446e-07,6.516252606836304e-06,4.528505368587999e-07
10,2025-10-14 17:25:38,4.653835851797794e-06,1.4778574385613365e-07,2.7786322331913027e-07,1.0084050609140367e-06,5.481816998553768e-06,3.8939183543234023e-07
11,2025-10-14 17:26:33,4.301957100549814e-06,1.2856132833621367e-07,2.828484535477571e-07,8.915427989376871e-07,6.037068586151051e-06,3.354867092583911e-07
12,2025-10-14 17:27:27,3.747597350001186e-06,1.0359906832666744e-07,2.805659713445152e-07,8.839091608808215e-07,4.898541857478733e-06,3.980260559421741e-07
13,2025-10-14 17:28:22,3.815293134312725e-06,1.2852997076671207e-07,3.176733098797513e-07,5.582545037044303e-07,5.219566953984511e-06,3.757446671831734e-07
14,2025-10-14 17:29:16,3.004991243171773e-06,1.2818000030972967e-07,2.913821619543455e-07,6.552508227994345e-07,4.682309086234682e-06,3.8770945919783833e-07
15,2025-10-14 17:30:11,4.219390327131478e-06,1.4283246830481195e-07,2.9281625679722367e-07,8.135903999086434e-07,5.658419576226592e-06,4.679579319895117e-07
16,2025-10-14 17:31:05,4.401512119445172e-06,1.181286560098783e-07,3.1830157998236075e-07,6.049819225813293e-07,5.786200659496643e-06,4.251890949859344e-07
17,2025-10-14 17:32:00,4.758427985640523e-06,1.381705488532107e-07,3.117235849448008e-07,7.212807259039368e-07,5.747426426339075e-06,3.46928981165811e-07
18,2025-10-14 17:32:54,3.945446799935581e-06,1.440759987706043e-07,2.991333125645923e-07,7.76717435559492e-07,5.502250669753295e-06,4.3242004118597693e-07
19,2025-10-14 17:33:49,5.145220061342215e-06,1.5311689008927024e-07,3.127233971778054e-07,6.64479428629435e-07,7.611959763842435e-06,5.301544136331455e-07
20,2025-10-14 17:34:44,5.952391712193972e-06,1.4536942935575943e-07,3.297570230209601e-07,6.960757316038911e-07,7.717034028908998e-06,5.250208497297749e-07
21,2025-10-14 17:35:38,3.982204818120394e-06,1.446220201711421e-07,2.577986530916121e-07,1.0138862581495232e-06,5.455960274902694e-06,4.7473655174956223e-07
22,2025-10-14 17:36:32,3.397440205166191e-06,1.3542871610564403e-07,2.902386369019183e-07,5.6944255655085e-07,5.62883232446687e-06,4.933133915909865e-07
23,2025-10-14 17:37:27,6.006555334669983e-06,1.4775862277405526e-07,3.409300303403029e-06,4.110710259071129e-07,7.377295131894002e-06,4.7365404784313403e-07
24,2025-10-14 17:38:21,6.487883569716857e-06,1.2441177484971176e-07,3.219776165686028e-07,7.204355885598003e-07,8.474266663949237e-06,5.296823446913384e-07
25,2025-10-14 17:39:16,5.354790383549357e-06,1.4844635157977707e-07,3.027390236276517e-07,7.626701113561389e-07,6.454819545087531e-06,4.5576588345494114e-07
26,2025-10-14 17:40:10,1.986074767756918e-06,8.203225097019169e-08,2.6483272708155425e-07,5.093272701798678e-07,2.7880297674975907e-06,4.786671886686516e-07
27,2025-10-14 17:41:05,4.499137612024029e-06,1.295953819063995e-07,3.3855207171029633e-07,6.124440971444184e-07,5.987145763608481e-06,4.228545637895135e-07
28,2025-10-14 17:41:59,4.851417889861764e-06,1.4336536593264393e-07,2.9768303688726405e-07,7.262127623688681e-07,6.061557774827975e-06,4.024419807654363e-07
29,2025-10-14 17:42:54,4.275702605083254e-06,1.1361624211053398e-07,2.9925031874711294e-07,7.428658031027946e-07,6.230149659725015e-06,4.405149436473196e-07
30,2025-10-14 17:43:48,4.174841602422319e-06,1.6060134350861165e-07,2.907875440438801e-07,7.905501393947798e-07,4.883332166860654e-06,3.710891402143176e-07
31,2025-10-14 17:44:43,3.4942410609417607e-06,1.546800596384693e-07,2.885686594122916e-07,6.483535004187187e-07,4.699222205362119e-06,4.255829174410116e-07
32,2025-10-14 17:45:37,4.1549140867847e-06,1.751108918031181e-07,3.2524779847165064e-07,4.997230978135612e-07,5.547078034906505e-06,4.3779568442090897e-07
33,2025-10-14 17:46:32,3.3584850607226713e-06,1.3286828523542055e-07,3.0432028852445114e-07,5.537451185010617e-07,5.094749297551715e-06,4.440145133432539e-07
34,2025-10-14 17:47:26,2.3070110399814325e-06,8.838471270619605e-08,2.671055714387194e-07,4.952569267452349e-07,4.044243224088362e-06,5.543784380179882e-07
35,2025-10-14 17:48:21,3.1306158969623965e-06,1.203281542807031e-07,2.7800275970157884e-07,6.020095530324616e-07,4.829605465994646e-06,5.393480728261527e-07
36,2025-10-14 17:49:15,2.0358051719959747e-06,9.018986771461657e-08,0.0004814822291414611,0.01905380644934667,3.5557881321590656e-06,5.503194232808318e-07
37,2025-10-14 17:50:10,6.302323704021617e-06,1.441850083847921e-07,3.423731709251143e-07,6.074943301413378e-07,7.431274772429219e-06,4.817065597386988e-07
38,2025-10-14 17:51:04,4.107878945225352e-06,1.224849640166712e-07,3.1317277882081385e-07,5.528236292273322e-07,5.085405474281046e-06,4.245099680293147e-07
39,2025-10-14 17:51:59,5.1800521834177715e-06,1.5772679648819045e-07,3.1024461799589176e-07,7.451496382433163e-07,7.08666739113184e-06,4.427660756340788e-07
40,2025-10-14 17:52:53,4.28524143236686e-06,1.3434095882419983e-07,2.7555077708463216e-07,1.0457412401519171e-06,5.030354750079624e-06,3.749783852177131e-07
41,2025-10-14 17:53:48,2.8225442509910437e-06,1.0159496100646017e-07,2.642977656730494e-07,6.844264757832943e-07,3.6005493488922014e-06,3.674758001693797e-07
42,2025-10-14 17:54:43,4.410781665464825e-06,1.2900036724444594e-07,0.00032342461536427614,0.009084516038866102,6.081347049935459e-06,4.109088214746187e-07
43,2025-10-14 17:55:37,4.456444722800157e-06,1.6102296784576982e-07,3.086006079566772e-07,7.642035209564716e-07,6.7394668930020885e-06,5.533486679085735e-07
44,2025-10-14 17:56:32,5.0821585160232274e-06,1.2399414066914917e-07,3.006961979412637e-07,8.041050681461174e-07,6.8912591109082655e-06,4.726313278505796e-07
45,2025-10-14 17:57:26,4.858338370494764e-06,1.0626971760373638e-07,2.829841219131879e-07,1.0501326866386456e-06,6.983925385561918e-06,4.801219827048235e-07
46,2025-10-14 17:58:21,4.922930221251676e-06,1.4397159752278324e-07,0.00031447306300025346,0.008776174087993917,6.837925351277363e-06,4.938924933053344e-07
47,2025-10-14 17:59:15,4.494779616726063e-06,1.043368870993388e-07,3.108307453647541e-07,6.88011822015974e-07,5.593254616576004e-06,4.130147423287162e-07
48,2025-10-14 18:00:10,3.856943081359532e-06,1.23300929727616e-07,2.851257538960539e-07,8.295304154381921e-07,5.503656377525701e-06,4.292551385849318e-07
49,2025-10-14 18:01:04,4.831523088277834e-06,1.4145278168394786e-07,2.7872977770293517e-07,9.368499893945708e-07,6.575885833637329e-06,4.4124581442811514e-07
50,2025-10-14 18:01:59,4.3209951281486525e-06,1.4059552302593177e-07,3.124218161953962e-07,6.709530216398428e-07,6.488375556168435e-06,4.1696957445819014e-07
51,2025-10-14 18:02:54,4.497278383697179e-06,1.2108476226136436e-07,0.0004059648449321607,0.01826647512586174,5.8224476342516596e-06,4.529383834350296e-07
52,2025-10-14 18:03:48,4.340955622073039e-06,1.2898601500671683e-07,2.9739379958648726e-07,7.631755056184791e-07,5.787316277983123e-06,4.857243935676549e-07
53,2025-10-14 18:04:43,2.1977617179480546e-06,1.1092461703376814e-07,2.911874246169788e-07,3.4158695707485426e-07,3.5528117525718272e-06,4.5043499343309927e-07
54,2025-10-14 18:05:37,4.318895166388614e-06,1.4963092061384044e-07,2.949423487663694e-07,6.833202066058052e-07,5.5868438146866595e-06,2.878312881734413e-07
55,2025-10-14 18:06:32,4.2333299654639944e-06,1.2158983551662022e-07,3.143734637056639e-07,6.825766480056572e-07,6.410751530072645e-06,5.044905356764961e-07
56,2025-10-14 18:07:26,4.784188707640524e-06,1.551143784445212e-07,2.946733721476136e-07,8.373428479010889e-07,5.386975683085993e-06,4.127770960714105e-07
57,2025-10-14 18:08:20,4.345070196976053e-06,1.7497237194174455e-07,3.1795854282812286e-07,6.718139871958142e-07,6.713608232900015e-06,4.729529210664409e-07
58,2025-10-14 18:09:15,5.2067061062643916e-06,1.387815308586585e-07,2.82116999317239e-07,8.894965520715507e-07,6.253546732670756e-06,4.4711577751254215e-07
59,2025-10-14 18:10:10,5.163159535248596e-06,1.666483019505035e-07,3.286648100342404e-07,5.723335225302311e-07,6.115419423746715e-06,4.843639004097494e-07
60,2025-10-14 18:11:04,5.551712793705477e-06,1.2470248325487127e-07,3.3849292480070403e-07,5.68165837074025e-07,7.548533518919598e-06,4.568700178699191e-07
61,2025-10-14 18:11:59,5.27701770103306e-06,1.3055063322765115e-07,3.043058822704836e-07,7.326786476072115e-07,6.420128939366165e-06,4.4227366392956726e-07
62,2025-10-14 18:12:53,5.1705505901278315e-06,1.2602835412542145e-07,3.264954455683977e-07,6.674406855634955e-07,6.515390614802996e-06,3.976575401558552e-07
63,2025-10-14 18:13:48,5.1254449684456915e-06,1.5381581669511372e-07,3.121986935639143e-07,7.123927775469721e-07,6.2040898523019194e-06,3.9029122944625634e-07
64,2025-10-14 18:14:42,2.8448782205536816e-06,1.288101306650023e-07,3.0420148089405075e-07,4.6609607377579363e-07,4.676462768360423e-06,5.751649804486487e-07
65,2025-10-14 18:15:37,4.36467834208365e-06,1.2664195194288374e-07,2.9886566332848474e-07,8.157699456054148e-07,5.854084556666805e-06,4.121391412168847e-07
66,2025-10-14 18:16:31,4.171571052813405e-06,1.2485871778786664e-07,3.183340615553476e-07,6.421997135712274e-07,6.30011067226377e-06,4.543566451447361e-07
67,2025-10-14 18:17:26,5.58129903005522e-06,1.8767755901489868e-07,2.993361489789237e-07,7.675716307719335e-07,6.661550138842287e-06,4.5301670117038995e-07
68,2025-10-14 18:18:20,2.2956232141879696e-06,9.40650030897688e-08,2.392332045797474e-07,9.723407281405136e-07,3.3117613735811346e-06,4.4928318883288287e-07
69,2025-10-14 18:19:14,3.957258251530149e-06,1.5513079981905304e-07,0.0023997328765055226,3.2433747283956658,5.7753187838738285e-06,5.693355246933617e-07
70,2025-10-14 18:20:09,1.8622704334170237e-06,8.227275405855602e-08,2.7308311256746265e-07,5.211893700826723e-07,1.9758384213197644e-06,2.9679867547679714e-07
71,2025-10-14 18:21:03,2.1043518294572294e-06,1.0372595383592866e-07,3.5608009985033107e-07,2.22523619660973e-07,5.00312880236109e-06,6.854168983209272e-07
72,2025-10-14 18:21:57,4.1244517714478235e-06,2.2406591138289448e-07,2.0452554658767497e-06,2.2746202493399463e-07,6.373922319058423e-06,6.83842002285066e-07
73,2025-10-14 18:22:52,1.8784912991787195e-06,8.187928888195523e-08,8.214622426727658e-07,1.6317729487701703e-07,1.9558472450498243e-06,2.755459433587788e-07
74,2025-10-14 18:23:46,2.8858134404341484e-06,9.441849699167591e-08,2.882897609524093e-07,5.585829798302071e-07,4.690230071435764e-06,4.827157922712016e-07
75,2025-10-14 18:24:41,3.285175550260533e-06,1.1910167947460855e-07,2.929466218493104e-07,6.456791013976637e-07,4.174811891077823e-06,3.1155262407399235e-07
76,2025-10-14 18:25:35,2.9889020087825457e-06,1.2282293853266927e-07,2.8320541911597275e-07,6.610111488891594e-07,5.067381416923311e-06,5.227910750967104e-07
77,2025-10-14 18:26:30,2.5834165189309033e-06,1.1066895991540109e-07,2.784002990363632e-07,8.293903521441181e-07,4.117564962102804e-06,4.059396751420566e-07
78,2025-10-14 18:27:24,3.7797404366379794e-06,1.1782148860906717e-07,3.12442806515989e-07,5.891964507435002e-07,4.757128347243622e-06,3.7926191396924156e-07
79,2025-10-14 18:28:19,3.2610486293549457e-06,1.125204423705148e-07,3.0541745776879736e-07,4.5781572350904076e-07,5.300755665293977e-06,4.6590170742180765e-07
80,2025-10-14 18:29:13,4.206340237900008e-06,1.0405599887495734e-07,2.916273020847626e-07,7.951722806035473e-07,5.65475327984899e-06,4.3257229355157904e-07
81,2025-10-14 18:30:08,5.164650171529672e-06,1.5771479627299536e-07,3.11676110031911e-07,7.55505526907841e-07,7.001463900202509e-06,4.2541920133472484e-07
82,2025-10-14 18:31:02,3.967300552520925e-06,1.0485205005743683e-07,2.999416994775572e-07,7.235406094405199e-07,4.775708866366912e-06,3.7599432329641593e-07
83,2025-10-14 18:31:56,3.3419833747050376e-06,1.2081082816855214e-07,2.822304776550766e-07,6.959949993074865e-07,4.4495231137364755e-06,4.2941459601735743e-07
84,2025-10-14 18:32:51,4.055792741430864e-06,1.293969236386931e-07,3.166201181237227e-07,6.021253327442358e-07,5.391900290696583e-06,4.017686282964094e-07
85,2025-10-14 18:33:45,4.742445074867874e-06,1.645716158290389e-07,3.0160221897723716e-07,7.120398502705981e-07,6.030190965455873e-06,3.9626875052933376e-07
86,2025-10-14 18:34:40,5.264778986546759e-06,1.3843718349792455e-07,3.1674457678931844e-07,6.333734492241455e-07,6.1400885016382745e-06,3.7667958154723815e-07
87,2025-10-14 18:35:34,4.8271900661145395e-06,1.47906740681172e-07,0.0008150879496546803,0.1424534877802862,6.1984667112380265e-06,5.221829121577404e-07
88,2025-10-14 18:36:29,4.223231889977086e-06,1.283023230369442e-07,3.08270036830649e-07,6.801340700074718e-07,5.90126732658014e-06,4.1679247233163705e-07
89,2025-10-14 18:37:23,5.015177284573014e-06,1.3029655937563045e-07,0.0010079597807703955,0.259698138341137,5.920406795922872e-06,4.900445589533476e-07
90,2025-10-14 18:38:18,4.873850084852194e-06,1.157066839854991e-07,3.074307992623204e-07,7.086552284409347e-07,5.978468428979866e-06,3.8354243315526023e-07
91,2025-10-14 18:39:12,4.42132927780392e-06,1.4310892244382694e-07,3.6421656894880527e-06,3.7762154767625635e-07,5.8836147043273e-06,4.1325262911015937e-07
92,2025-10-14 18:40:07,3.656079789138289e-06,1.0643211292183733e-07,2.984628812985335e-07,6.145662753349769e-07,6.019431100678929e-06,5.13700466222201e-07
93,2025-10-14 18:41:01,4.326452923475443e-06,1.28396503945112e-07,2.873818851778509e-07,8.516730707649683e-07,6.3310918338999045e-06,3.7903897068360483e-07
94,2025-10-14 18:41:55,5.15334635231568e-06,1.0722786694654262e-07,3.129607384355637e-07,7.529705113379309e-07,7.10717399798888e-06,3.9410987023049416e-07
95,2025-10-14 18:42:50,4.314845271524703e-06,1.148704682885193e-07,2.9475931717648507e-07,8.696658916003677e-07,5.853357956997485e-06,4.787392208031933e-07
96,2025-10-14 18:43:44,4.907668205600402e-06,1.1749223705206271e-07,3.083486450616846e-07,7.420421702427096e-07,6.30680083180124e-06,4.3930865040602223e-07
97,2025-10-14 18:44:38,4.304045057912376e-06,1.3151296610824843e-07,3.1023293534104823e-07,7.056736530461646e-07,5.57386752553235e-06,3.816576632877396e-07
98,2025-10-14 18:45:33,4.737531767329273e-06,1.3743235714563202e-07,3.1566945146721537e-07,6.707260631283443e-07,6.577665038642877e-06,5.571096615743291e-07
99,2025-10-14 18:46:27,5.0511187708046634e-06,1.111040762104943e-07,4.183177532146587e-06,4.3079277319867175e-07,6.123646635769475e-06,3.598819090581057e-07
100,2025-10-14 18:47:22,4.057488658393282e-06,1.1660206622935675e-07,2.961367262521719e-07,7.728888862449982e-07,5.958009979822876e-06,4.7761771520311e-07
101,2025-10-14 18:48:16,1.9092308201074104e-06,7.263786611769099e-08,2.816326558630067e-07,3.6806658064776286e-07,1.2738289072444786e-06,1.9998654580662428e-07
102,2025-10-14 18:49:10,3.254719012302232e-06,1.0486178787130286e-07,2.9705976056781935e-07,5.498479067990162e-07,4.925143316292235e-06,4.6476836387714803e-07
103,2025-10-14 18:50:05,4.484452229336355e-06,1.0593182076547287e-07,3.1793209553931945e-07,6.798054713316098e-07,6.043860424354008e-06,4.933029319044133e-07
104,2025-10-14 18:50:59,4.7829960299061725e-06,1.0860528680227547e-07,3.095791969442985e-07,7.637382499097789e-07,6.2529408730860325e-06,4.687766390795465e-07
105,2025-10-14 18:51:54,4.061530207266628e-06,1.2112956146204154e-07,2.774289893370252e-07,9.597555958715944e-07,6.307733045218811e-06,4.869328435535821e-07
106,2025-10-14 18:52:48,2.6911673796092828e-06,1.1235821717333011e-07,2.722720247039234e-07,6.129651177826243e-07,4.635737449021349e-06,5.908179054557686e-07
107,2025-10-14 18:53:43,2.654148478775653e-06,1.1019687837708512e-07,2.781294234921461e-07,5.969752131535468e-07,3.6835257699596724e-06,4.067869888689684e-07
108,2025-10-14 18:54:37,4.490752271379961e-06,1.4416389318512752e-07,3.0062996669855124e-07,7.499324069099885e-07,5.652741069006595e-06,4.1457928957267396e-07
109,2025-10-14 18:55:32,4.785442382360117e-06,1.547990979210843e-07,3.233938279390003e-07,6.269418442149807e-07,6.438298082223071e-06,5.398951930437213e-07
110,2025-10-14 18:56:26,6.506038547460236e-06,1.4821581415023452e-07,4.322840975401476e-06,3.846681101326611e-07,8.40903429422113e-06,5.241141305666923e-07
111,2025-10-14 18:57:20,5.989333001998887e-06,1.3734912764686742e-07,4.661278030004823e-06,4.065143919665447e-07,7.345600475661129e-06,4.6239817985924464e-07
112,2025-10-14 18:58:15,3.7035745719116164e-06,1.5882110039646776e-07,3.1965111957354964e-07,5.204230971788857e-07,5.592496774120548e-06,4.856614939719247e-07
113,2025-10-14 18:59:10,1.8967566084437948e-06,9.307642923105892e-08,2.6422024812511324e-07,7.319787301134498e-07,2.6137889392874314e-06,4.3775123612839394e-07
114,2025-10-14 19:00:04,3.748995021313206e-06,1.8568672313174471e-07,3.137241346706787e-07,3.947670576036994e-07,5.506566736368512e-06,5.153465458031693e-07
115,2025-10-14 19:00:59,6.360283887563156e-06,1.1391459181444176e-07,3.484090558281139e-07,5.402880936691201e-07,8.170874777446713e-06,4.977509789728626e-07
116,2025-10-14 19:01:53,6.615086470818099e-06,1.5751790065310224e-07,3.2051150795631145e-06,9.965696178694475e-07,8.318101230919694e-06,4.7498714476467166e-07
117,2025-10-14 19:02:48,6.56460218406707e-06,1.2867962623419201e-07,3.199124616326543e-07,7.469102921037298e-07,7.701418083705391e-06,4.4723639187354244e-07
118,2025-10-14 19:03:42,6.9225158587649105e-06,1.145029024191363e-07,4.312581876497745e-06,3.391806141828154e-07,8.575861172310795e-06,5.406083785372391e-07
119,2025-10-14 19:04:37,6.3556746203730086e-06,1.4044980406481866e-07,4.762104754307828e-06,5.067485515093844e-07,6.717930180588638e-06,4.346287099258359e-07
120,2025-10-14 19:05:32,7.144383229240603e-06,1.623508743230275e-07,3.3371905661105927e-07,6.619688938776667e-07,7.917387086386896e-06,4.4569646132155065e-07
121,2025-10-14 19:06:26,6.554926129664906e-06,1.3946159367959572e-07,5.2712484572836615e-06,3.838957059192214e-07,8.09412559377165e-06,5.253993026515948e-07
122,2025-10-14 19:07:21,6.094388799837702e-06,1.612973583222679e-07,4.032359991468226e-06,3.6586248917608565e-07,7.666119033356011e-06,4.921913183829247e-07
123,2025-10-14 19:08:15,6.3370220313441195e-06,1.492046196406972e-07,3.3341375949014207e-07,6.25926972497168e-07,7.921338648797516e-06,5.800137250088554e-07
124,2025-10-14 19:09:10,4.47092437694252e-06,1.910847356849707e-07,3.028445225705667e-07,6.537065913124501e-07,5.730069009279859e-06,4.925876848857089e-07
125,2025-10-14 19:10:04,4.321626491776698e-06,1.6858973888876108e-07,0.0005442948551412918,0.03664543199983638,6.424756102685336e-06,5.193356526595184e-07
126,2025-10-14 19:10:59,5.913126382983691e-06,1.2671908785952984e-07,3.0210818935394457e-07,8.558890693777301e-07,7.579121168665992e-06,5.010621155020698e-07
127,2025-10-14 19:11:54,6.442651681259903e-06,1.7097815356223798e-07,4.810739223426452e-06,3.512051539168248e-07,8.60127226376406e-06,4.357731983295064e-07
128,2025-10-14 19:12:48,6.597744330205657e-06,1.433110374452144e-07,4.631975904390018e-06,3.403743333203022e-07,8.506230018134886e-06,4.4134689729068195e-07
129,2025-10-14 19:13:43,4.7839665926474595e-06,2.1727396559604652e-07,3.179584218138132e-07,5.515563819856406e-07,7.568423551429504e-06,7.476005712946137e-07
130,2025-10-14 19:14:37,7.2394969869993275e-06,1.493316779828213e-07,3.05704776093485e-06,7.776268470345918e-07,7.718248644428272e-06,4.769090054707348e-07
131,2025-10-14 19:15:32,6.3448438027968734e-06,1.6514323438855592e-07,2.638650804964726e-06,1.055726291724927e-06,7.507973623255282e-06,4.682812602770744e-07
132,2025-10-14 19:16:26,6.01742782313508e-06,1.2370427860690306e-07,4.327956634186947e-06,3.67162654259584e-07,7.688555587526125e-06,4.6789627050512616e-07
133,2025-10-14 19:17:21,7.344791168151232e-06,1.674513947951336e-07,5.025621040211092e-06,4.536874590947759e-07,9.818265281902328e-06,5.995892661909315e-07
134,2025-10-14 19:18:15,6.290405584197245e-06,2.1688968668290846e-07,5.7104475910119135e-06,1.09082739645481e-06,8.583349937030249e-06,6.651195711503438e-07
135,2025-10-14 19:19:10,2.2413198128568013e-06,1.2386996911043547e-07,2.803158269948369e-07,5.662215207524794e-07,3.6994815706403728e-06,4.6437429948099655e-07
136,2025-10-14 19:20:04,2.071191072872125e-06,9.801507346331811e-08,2.4448162827539477e-07,9.858442426047895e-07,2.6185490160646197e-06,3.0518925223378547e-07
137,2025-10-14 19:20:59,2.96043668668311e-06,1.4307603121963086e-07,2.867852670895843e-07,5.578249333107248e-07,3.491976002134578e-06,4.687569201779814e-07
138,2025-10-14 19:21:53,7.5810360515848885e-06,1.951839302234585e-07,4.888936614877437e-06,4.949441438210527e-07,7.832229115045664e-06,4.6092368543228215e-07
139,2025-10-14 19:22:48,8.588065961490088e-06,1.7477254594177254e-07,5.547214988688154e-06,3.455506723606348e-07,9.810489799422228e-06,5.770505615394528e-07
140,2025-10-14 19:23:42,7.869643996238906e-06,2.1488008769854132e-07,1.4585134191502647e-06,9.84798723227578e-07,8.007142112687049e-06,3.9369095339931906e-07
141,2025-10-14 19:24:37,6.94774136733578e-06,1.9124644253764085e-07,2.876415138075572e-06,1.2065979027968486e-06,7.657963005502921e-06,3.924358759296702e-07
142,2025-10-14 19:25:31,3.6691473532801666e-06,1.2401518188003937e-07,3.0997072220095845e-07,6.66858807433393e-07,5.372070790210515e-06,4.2096014048917917e-07
143,2025-10-14 19:26:26,2.933296854967793e-06,9.319495012489722e-08,3.0588566901634806e-07,6.058687528484588e-07,3.281004920641095e-06,3.0311746352874744e-07
144,2025-10-14 19:27:20,7.76196475338331e-06,1.5941048577355624e-07,3.4602613219192335e-07,6.009389819049403e-07,8.11294441716015e-06,4.78833233022459e-07
145,2025-10-14 19:28:15,8.765607208305326e-06,1.485846003421991e-07,2.5785907391551177e-06,1.6205720656336577e-06,9.219032392593363e-06,6.182793234067633e-07
146,2025-10-14 19:29:09,8.501380540426595e-06,1.4922048370969708e-07,5.815704947842448e-06,3.06498945865749e-07,9.104437656892728e-06,6.18540840133835e-07
147,2025-10-14 19:30:04,8.045517311261463e-06,1.283681918978771e-07,6.244179209469181e-06,6.890212173696068e-07,9.81586880555163e-06,6.463578506520596e-07
148,2025-10-14 19:30:59,8.577163948420008e-06,1.5988657835622046e-07,6.390414065027272e-06,5.003207312264018e-07,9.074787757024083e-06,5.980809027987691e-07
149,2025-10-14 19:31:53,8.667771513870548e-06,1.685129361383834e-07,6.234023273377076e-06,3.7603721379517545e-07,9.39958754497816e-06,6.449428727071071e-07
150,2025-10-14 19:32:47,8.293319523566822e-06,1.5680335671385607e-07,6.134919695588437e-06,3.3358225967290986e-07,9.403548355990665e-06,5.223230342682545e-07
151,2025-10-14 19:33:42,7.490338007620778e-06,1.4857958700722684e-07,5.46692496228296e-06,3.680985370279869e-07,9.205632519604379e-06,6.527155795026317e-07
152,2025-10-14 19:34:37,8.830219629052394e-06,1.7608820241263904e-07,4.657414100162072e-06,1.5606445105649028e-06,9.854635960149238e-06,5.84618771690274e-07
153,2025-10-14 19:35:31,1.1004251051272007e-05,2.6682329140765994e-07,8.45749643874072e-06,4.559779837185161e-07,1.0667092507521403e-05,5.180303316339224e-07
154,2025-10-14 19:36:26,1.1540528952691531e-05,1.7591938900903812e-07,8.423460791329163e-06,4.890073739795202e-07,1.0623888969663042e-05,4.452225479749921e-07
155,2025-10-14 19:37:20,1.0983083142290795e-05,1.7891154431964662e-07,8.145440350437738e-06,4.333326908577499e-07,1.1691859793661052e-05,5.792729442776472e-07
156,2025-10-14 19:38:14,1.0409875679018299e-05,1.6595424378510111e-07,5.250639470100182e-06,3.8410428731414127e-07,1.1070043610006408e-05,4.802931201294071e-07
157,2025-10-14 19:39:09,1.0008035679298644e-05,1.626364834422859e-07,5.373268053832092e-06,3.6073111458937663e-07,1.0537463486226528e-05,6.110137893449134e-07
158,2025-10-14 19:40:03,1.1146292375530109e-05,2.145515329374746e-07,7.716542023361583e-06,4.738926317436924e-07,1.1336610552969972e-05,6.356596043245101e-07
159,2025-10-14 19:40:58,1.14816695027109e-05,2.1809773321773065e-07,8.348762006615829e-06,4.906110163566188e-07,1.1652091847835777e-05,6.10233517229396e-07
160,2025-10-14 19:41:53,1.0912704406784712e-05,1.958244382747409e-07,7.565285098376506e-06,4.1590146261671534e-07,1.1310920969398452e-05,5.859352130891544e-07
161,2025-10-14 19:42:47,1.1059254632739268e-05,2.0402443802180215e-07,7.703098335198888e-06,3.7581569118813843e-07,1.1487604959281583e-05,5.888845505090211e-07
162,2025-10-14 19:43:42,1.0854324340003885e-05,2.0325699338536643e-07,7.763140748018316e-06,5.025942417311603e-07,1.0711921933914681e-05,5.366393149195359e-07
163,2025-10-14 19:44:36,1.0646161762828399e-05,2.1730815304182286e-07,7.277155305462912e-06,4.0180987027815135e-07,1.059131351688336e-05,4.847772796727083e-07
164,2025-10-14 19:45:31,1.0916312406017425e-05,2.1433701392069632e-07,8.019471405829037e-06,4.851691492690507e-07,1.1006397340196372e-05,6.18396377993233e-07
165,2025-10-14 19:46:25,1.0773154010434993e-05,2.3137467901607617e-07,7.596789900254919e-06,3.8628597043235806e-07,1.117418680829374e-05,4.853920360650506e-07
166,2025-10-14 19:47:20,1.0695567987717425e-05,1.7223282303128084e-07,7.890128762122472e-06,4.8263207571862e-07,1.0189042813912863e-05,4.93942825922105e-07
167,2025-10-14 19:48:14,1.0809357768426509e-05,1.798691059108203e-07,7.644015157737272e-06,4.567881807255307e-07,1.047558655242753e-05,4.4345722463831573e-07
168,2025-10-14 19:49:09,1.0658427120002756e-05,2.0805725723353998e-07,7.815463778149123e-06,3.873352686732203e-07,9.954395638889224e-06,4.167470498349156e-07
169,2025-10-14 19:50:03,9.932159513281746e-06,1.764074879584482e-07,5.457463668534501e-06,3.728339753648822e-07,9.98355998516054e-06,4.559504686065107e-07
170,2025-10-14 19:50:58,6.830965103787889e-06,1.7842879007627327e-07,4.2862137785704135e-06,5.183974009080096e-07,7.923635193529677e-06,5.426785443898445e-07
171,2025-10-14 19:51:52,6.214073678734167e-06,1.209844281737287e-07,3.36756684538031e-07,6.544466528633075e-07,8.41758859992936e-06,5.209963616206447e-07
172,2025-10-14 19:52:47,5.976968483922818e-06,1.8756845405543588e-07,4.2328922136292135e-06,3.8741148075306806e-07,7.240332179803133e-06,4.1330410010856286e-07
173,2025-10-14 19:53:41,6.401680453738123e-06,1.666587835265155e-07,3.26667575434314e-07,5.798091808456281e-07,7.5135729202813195e-06,5.342895428497878e-07
174,2025-10-14 19:54:36,6.8890726343529e-06,1.5003263695674323e-07,4.547531878396072e-06,4.0732921845519535e-07,8.512708331576135e-06,5.419234070775369e-07
175,2025-10-14 19:55:30,6.614316512720819e-06,1.5377065665485674e-07,4.172541328673063e-06,4.2241290567778267e-07,8.344698113837978e-06,6.016784344321393e-07
176,2025-10-14 19:56:25,6.429539300079057e-06,1.3674090579780145e-07,4.677413135922848e-06,2.989118657534945e-07,8.144787277730714e-06,5.188605034818412e-07
177,2025-10-14 19:57:19,7.0053260663449635e-06,1.304276205573287e-07,9.008729140447258e-08,1.36318600193797e-06,8.578761520938727e-06,5.045956788822183e-07
178,2025-10-14 19:58:14,7.567455189372296e-06,1.7159425867555693e-07,5.365118409539349e-06,4.6816373857210917e-07,9.398878319855086e-06,5.908150808392689e-07
179,2025-10-14 19:59:08,6.977311650890883e-06,1.5501458791750582e-07,5.064722784942077e-06,3.633295324887077e-07,7.636221650564323e-06,5.097195086538346e-07
180,2025-10-14 20:00:03,6.626477964344346e-06,1.4101102867145267e-07,0.0004723053563651103,0.0327371467624821,8.094159345661822e-06,5.548046007853401e-07
181,2025-10-14 20:00:57,6.6484227767560355e-06,1.6318146106331017e-07,3.539727146950611e-07,5.689437379398094e-07,7.832985554845351e-06,4.7087485748586707e-07
182,2025-10-14 20:01:52,6.808030571514578e-06,1.1276111459165102e-07,5.0202439392244e-06,4.18756744446479e-07,7.79999560052147e-06,5.295920735310791e-07
183,2025-10-14 20:02:46,5.717641831770592e-06,1.399762434345367e-07,3.3855223136036727e-07,6.092348979925788e-07,6.592273069649934e-06,4.357331705546022e-07
184,2025-10-14 20:03:41,4.827100673621132e-06,1.5445054678862214e-07,0.0007581319551668297,0.11431203778350962,6.64790458104747e-06,4.4916867376460065e-07
185,2025-10-14 20:04:35,2.525192462909942e-06,1.0602574151527635e-07,3.33718783052106e-07,2.693143211669899e-07,3.6852788003471915e-06,4.347305399469236e-07
186,2025-10-14 20:05:30,3.7192956796605614e-06,1.5427216585475824e-07,2.958588363188852e-07,6.103557760513326e-07,5.528566526358247e-06,5.88717345636688e-07
187,2025-10-14 20:06:24,3.562543383184291e-06,1.667471946981654e-07,3.1113916576508416e-07,4.203076969140735e-07,5.350823049976583e-06,3.9097523889186794e-07
188,2025-10-14 20:07:19,1.9388371785833414e-06,7.255132911587535e-08,2.609649227824917e-07,6.119256999654569e-07,1.3957597224667495e-06,2.562337557538523e-07
189,2025-10-14 20:08:13,2.11539286354423e-06,9.099557053208621e-08,2.5091830480050703e-07,7.050557109016138e-07,3.402483097492137e-06,4.115653457302986e-07
190,2025-10-14 20:09:08,2.2287537333465224e-06,9.777814295118997e-08,3.027868324956273e-07,4.703277008941407e-07,3.328418994863469e-06,4.1609146152903065e-07
191,2025-10-14 20:10:02,2.3075630977142936e-06,9.963958207083648e-08,2.6916306428148573e-07,6.48081262456842e-07,3.464143250031526e-06,3.910807941372288e-07
192,2025-10-14 20:10:57,2.385053478937138e-06,9.082178127858054e-08,2.8221725623112093e-07,6.572653007522228e-07,3.3084980310960077e-06,3.7345938688191975e-07
193,2025-10-14 20:11:51,2.5382863446665738e-06,9.246062037356987e-08,2.802044472005605e-07,5.913357436861388e-07,3.056861547445777e-06,3.8143839388030197e-07
194,2025-10-14 20:12:46,2.0237599835937203e-06,8.46226769196731e-08,2.785598054444449e-07,5.637367401979231e-07,3.5941546587814344e-06,5.198977333707306e-07
195,2025-10-14 20:13:40,2.30431421721633e-06,8.759767752641167e-08,2.4955883337618445e-07,9.384014338158195e-07,2.9891225090672435e-06,4.49652688917201e-07
196,2025-10-14 20:14:35,2.249156325406787e-06,8.346259685650996e-08,2.517354273923189e-07,8.961432052917023e-07,2.816517853831968e-06,3.998451748955783e-07
197,2025-10-14 20:15:30,2.4684269108732337e-06,1.0291670907278996e-07,2.546373032430438e-07,8.903095161579403e-07,3.9926421779856724e-06,4.75822588018734e-07
198,2025-10-14 20:16:24,2.730539170103796e-06,1.0382511443120738e-07,2.7516844780528515e-07,7.261294940339443e-07,3.7440173097369467e-06,4.268286179118114e-07
199,2025-10-14 20:17:18,2.5989049077246307e-06,1.0847536280057569e-07,2.5282370597068393e-07,9.685744999586923e-07,3.5612151714214946e-06,3.452073829788154e-07
200,2025-10-14 20:18:13,2.511719863651507e-06,9.782285749763023e-08,2.682625055427934e-07,8.250840896994557e-07,3.902282701861992e-06,4.6487335314933185e-07
201,2025-10-14 20:19:08,3.1963543101198866e-06,9.417471096755958e-08,2.781819696817678e-07,7.798399275790666e-07,4.8631487532535544e-06,3.983984592563886e-07
202,2025-10-14 20:20:02,3.877343487390661e-06,1.4979553402778385e-07,2.8182855804637086e-07,5.459310356412329e-07,5.9309795414907995e-06,4.3154051404380354e-07
203,2025-10-14 20:20:56,8.02545208311578e-06,1.7580275605233744e-07,5.8248785135273096e-06,4.735041172295908e-07,9.029030290541584e-06,4.4910964358381873e-07
204,2025-10-14 20:21:51,8.023630527098646e-06,1.781025711914401e-07,5.753262596330799e-06,6.885521805337882e-07,9.144337910216294e-06,5.03128080625001e-07
205,2025-10-14 20:22:45,4.214295412419133e-06,1.7685124900892278e-07,3.129067183138545e-07,6.171695193507043e-07,5.619747962093413e-06,4.7000824712988795e-07
206,2025-10-14 20:23:40,2.7349324696057664e-06,1.1508327922011433e-07,0.00027673451598730914,0.004744469661694802,3.975408193523933e-06,4.1086118593894335e-07
207,2025-10-14 20:24:34,2.2405945154790885e-06,8.483637038949733e-08,2.6702294375624547e-07,8.210407660005102e-07,3.4335214318392815e-06,4.3438673355907904e-07
208,2025-10-14 20:25:29,2.8103736613438457e-06,1.2251236286053579e-07,2.8609406932389447e-07,5.824055654240754e-07,3.5417685513294828e-06,3.9549598228595414e-07
209,2025-10-14 20:26:23,5.15340700113498e-06,1.7025899333980227e-07,3.1604716821398426e-07,6.505853487817829e-07,6.846975354024565e-06,4.973830154917906e-07
210,2025-10-14 20:27:18,6.294943659668206e-06,1.5424611774600205e-07,3.4072078203273293e-07,6.361409316167223e-07,8.047039080416596e-06,4.878658008801168e-07
211,2025-10-14 20:28:12,6.670316802459553e-06,1.3204111467692184e-07,4.787261829397593e-06,3.662674334288419e-07,7.747540359037686e-06,4.849278305096205e-07
212,2025-10-14 20:29:07,6.058923105456415e-06,1.2494819893434356e-07,3.148252480933422e-07,7.294650988069008e-07,7.235467893051961e-06,5.193541180408371e-07
213,2025-10-14 20:30:02,6.0408981272797035e-06,1.4691853936726919e-07,0.0005365583804373131,0.04708078290660513,8.014032646608271e-06,4.859525026176204e-07
214,2025-10-14 20:30:56,6.018467022750329e-06,1.2564890777836449e-07,3.214378410110186e-07,6.76710941830611e-07,7.84769063910673e-06,5.617049923921349e-07
215,2025-10-14 20:31:51,4.803896052507639e-06,1.2984172085937522e-07,3.022183820977631e-07,7.339908256037231e-07,7.0701492718150405e-06,4.865132742092068e-07
216,2025-10-14 20:32:45,5.250591088357126e-06,1.4281350941225818e-07,3.248851248027762e-07,6.254515868331993e-07,6.400923382887669e-06,4.32617411785187e-07
217,2025-10-14 20:33:40,5.606617380582435e-06,1.1542272261680076e-07,0.0005368807174934709,0.041339447131434184,7.2445805232579374e-06,4.786561032444288e-07
218,2025-10-14 20:34:34,5.186227800546561e-06,1.3934933444462647e-07,3.0448772969648985e-07,7.163081000902545e-07,6.225356525613179e-06,4.161838192117427e-07
219,2025-10-14 20:35:29,3.0892610285437883e-06,1.5060515704540079e-07,3.0144331719661466e-07,2.7902717769258163e-07,4.518224737015686e-06,4.7451488332640437e-07
220,2025-10-14 20:36:23,3.046468304734873e-06,1.7021228299817235e-07,1.6209358348895364e-06,1.843827935740185e-07,4.051635503321549e-06,4.65654071032654e-07
221,2025-10-14 20:37:18,2.1138455519320587e-06,9.10064752586868e-08,7.720799988231164e-07,1.3947759048854155e-07,3.053158033283765e-06,4.100760287589123e-07
222,2025-10-14 20:38:12,2.4204197901500635e-06,1.1677707464681852e-07,1.0076553997873106e-06,1.8175387644771359e-07,3.830727495879316e-06,3.8672300372585403e-07
223,2025-10-14 20:39:07,2.238988516811702e-06,9.175305460513623e-08,6.864277306561917e-07,1.6088625772581087e-07,3.4507255199933695e-06,4.1832783530239886e-07
224,2025-10-14 20:40:01,2.4449172404406028e-06,1.046330242426999e-07,1.4195574238318187e-06,1.8453826491561682e-07,4.880914335814168e-06,4.988440152385994e-07
225,2025-10-14 20:40:56,2.697787910621585e-06,1.2525678535351628e-07,1.0961873913029052e-06,1.7514252727989883e-07,2.5006709258867943e-06,3.3902126213618516e-07
226,2025-10-14 20:41:50,2.2808535173890476e-06,1.066417470861493e-07,9.111130077066321e-07,1.1955049772265393e-07,4.533290227648479e-06,6.7667940812335e-07
227,2025-10-14 20:42:45,4.37763677529901e-06,1.896772481452248e-07,3.119745115798267e-06,3.269003924841058e-07,5.273324383603395e-06,4.319883288605337e-07
228,2025-10-14 20:43:40,2.474165439192433e-06,1.1660070827741741e-07,1.4131284886698126e-06,1.6538417353830906e-07,3.3079601977625828e-06,4.3186645167640627e-07
229,2025-10-14 20:44:34,2.0419336508314956e-06,8.272358615253973e-08,4.1096564662446156e-07,2.19766120141903e-07,3.482017187694808e-06,4.5357352962429133e-07
230,2025-10-14 20:45:29,1.8979996883050632e-06,8.573624036573222e-08,6.065800881582817e-07,1.3752741710300563e-07,2.6302734876804124e-06,3.5698831715382754e-07
231,2025-10-14 20:46:23,5.362417031751221e-06,2.504968939909676e-07,2.74288343549145e-06,2.5673040583856186e-07,7.425845512054607e-06,5.15260512660067e-07
232,2025-10-14 20:47:18,4.146308791197484e-06,1.9936155200466667e-07,2.1136180714531605e-06,2.294055641641591e-07,5.81712808411794e-06,5.307860526968982e-07
233,2025-10-14 20:48:12,1.9523384988673342e-06,7.299066270167575e-08,2.5851779095198424e-07,5.642683474991543e-07,1.8297665673738805e-06,3.1709153987161364e-07
234,2025-10-14 20:49:07,2.052879642056027e-06,8.315317989335954e-08,2.8262235973741667e-07,4.5833213159543844e-07,1.9943058686688886e-06,2.76748609735284e-07
235,2025-10-14 20:50:02,1.7895901902598155e-06,7.107936067782835e-08,2.3912989055574485e-07,8.204821916280328e-07,2.807562935025487e-06,3.530740767485836e-07
236,2025-10-14 20:50:56,1.779320556893893e-06,7.13897418784196e-08,2.630084998678228e-07,5.530744344654289e-07,6.763644544438563e-07,1.5211854493265871e-07
237,2025-10-14 20:51:51,2.042251147749141e-06,5.109741413456918e-08,2.3666975024205783e-07,1.0421630942727602e-06,1.9561069750650972e-06,2.898282634074924e-07
238,2025-10-14 20:52:45,2.0703327212601152e-06,7.209221587898902e-08,2.5484271737319375e-07,6.676772191380653e-07,1.9359888097092437e-06,2.392515083153268e-07
239,2025-10-14 20:53:40,2.0443410730930367e-06,8.823243322922438e-08,2.547778337191886e-07,7.255710015494212e-07,2.4387888304389094e-06,2.994502270059951e-07
240,2025-10-14 20:54:34,2.0371592459600407e-06,6.778771784424629e-08,2.4742143511780057e-07,7.916175345238474e-07,2.4528223647735103e-06,4.029185395292951e-07
241,2025-10-14 20:55:29,1.912591096386862e-06,5.899376179477199e-08,2.2105190367049943e-07,1.0610411393385137e-06,1.4931975675924747e-06,2.4657084858189477e-07
242,2025-10-14 20:56:23,2.068354810980111e-06,8.358919173762731e-08,4.721210340452586e-07,1.6379184166526835e-07,2.715744011227983e-06,3.9741852013387525e-07
243,2025-10-14 20:57:18,1.8439828182170714e-06,7.170291883678387e-08,2.5101953560202617e-07,6.952627061371684e-07,9.504685476446895e-07,1.7913181696771782e-07
244,2025-10-14 20:58:12,2.028787497332374e-06,7.50967315884999e-08,2.5935093828088895e-07,6.677730982686362e-07,2.4043298625375797e-06,3.714536948047577e-07
245,2025-10-14 20:59:07,2.012201616885534e-06,6.947870502085323e-08,2.787697106487741e-07,5.57524049060094e-07,2.9302912396556025e-06,3.9671296717734506e-07
246,2025-10-14 21:00:02,2.7212231521467345e-06,9.817261693200356e-08,2.5938975145578524e-07,8.915931768501382e-07,3.837598879563586e-06,3.9465469032572866e-07
247,2025-10-14 21:00:56,3.1242588578450636e-06,1.266607123835356e-07,2.864851826878123e-07,7.301854070926125e-07,4.81821387654513e-06,5.011645444079605e-07
248,2025-10-14 21:01:51,3.1801384818841427e-06,1.3748577616056198e-07,2.8392807127630704e-07,5.597172201471224e-07,4.012999518909766e-06,3.788889914939337e-07
249,2025-10-14 21:02:45,9.519153630233035e-06,2.3695438290180975e-07,6.39266858870613e-06,8.087769493864324e-07,1.022923870919179e-05,5.142577723186917e-07
250,2025-10-14 21:03:40,3.2233587203833736e-06,1.7950442319104303e-07,1.7498764408596656e-06,1.838140258665419e-07,4.606586575528482e-06,4.194847232715872e-07
251,2025-10-14 21:04:34,4.818432143727236e-06,2.4077163990892466e-07,5.1636603983773455e-06,nan,7.2359335703264804e-06,6.262802447835363e-07
252,2025-10-14 21:05:32,1.929630098373991e-06,7.452333943435808e-08,2.409850563545035e-07,8.701864668152964e-07,2.939050015138278e-06,3.8519006744735553e-07
253,2025-10-14 21:06:26,2.961781585986145e-06,1.516293336537852e-07,1.5703968820890424e-06,1.8839073682515332e-07,4.089327873657567e-06,4.4680990941493725e-07
254,2025-10-14 21:07:21,2.2291195669321695e-06,9.094161190350739e-08,4.056950779762758e-07,2.109633556703633e-07,3.286987492856497e-06,3.969155535903006e-07
255,2025-10-14 21:08:15,2.3900432499779356e-06,7.315688337133359e-08,2.5617313159642663e-07,6.99824899333259e-07,2.9442624551734298e-06,3.858847921429342e-07
256,2025-10-14 21:09:10,2.4415455071036263e-06,1.0429036838252205e-07,1.5687572971767594e-06,1.8898921091870323e-07,3.1722816380419516e-06,3.9161435806827284e-07
257,2025-10-14 21:10:04,2.0417276656026218e-06,7.629228036371258e-08,2.5614309184796014e-07,7.919479540035643e-07,2.340210625062511e-06,3.5952392876040386e-07
258,2025-10-14 21:10:59,2.2010308122766276e-06,1.0001016508324973e-07,2.38852200240558e-07,1.3481192337043331e-06,2.7434336287157635e-06,3.5766677669915826e-07
259,2025-10-14 21:11:53,2.170735786677369e-06,8.749285046109954e-08,2.632676510128107e-07,5.029517304676539e-07,3.503663888126951e-06,4.135995872291228e-07
260,2025-10-14 21:12:48,2.0466038566091527e-06,6.321829517482526e-08,2.5230212918891937e-07,7.524133304771777e-07,2.1692183118648956e-06,2.9647770130694054e-07
261,2025-10-14 21:13:43,1.7835317966952147e-06,5.344666234749807e-08,0.00025253907239530804,0.002845990663565074,1.2633465160671875e-06,1.80304480117025e-07
262,2025-10-14 21:14:37,2.2062972813152726e-06,1.1089529652854769e-07,4.816624463721553e-07,1.9745632948094533e-07,2.343518833880509e-06,3.469078449478857e-07
263,2025-10-14 21:15:32,2.3544042171419477e-06,8.761222513763151e-08,2.595095265345293e-07,7.30905992762205e-07,3.364935001526348e-06,4.1349645640564805e-07
264,2025-10-14 21:16:26,2.754862889364773e-06,1.1630809475076185e-07,2.876401001827844e-07,5.045878361776642e-07,5.2035747031276e-06,5.299717596132262e-07
265,2025-10-14 21:17:21,2.039402119402567e-06,7.708035362428002e-08,2.442125766055625e-07,9.444468935723791e-07,2.1700422012660425e-06,3.2979338794335017e-07
266,2025-10-14 21:18:15,2.06318916795567e-06,8.355915616465592e-08,2.6835820432502544e-07,7.057522531344906e-07,2.715899141358946e-06,3.919447504430875e-07
267,2025-10-14 21:19:10,1.8531525403098215e-06,5.752342931161972e-08,2.619951435800516e-07,5.711637425402184e-07,7.633103862314528e-07,1.6178809057285783e-07
268,2025-10-14 21:20:04,1.944660166897094e-06,7.266430392483322e-08,2.525706375156034e-07,6.676784175483614e-07,1.6685177488540148e-06,2.6893881347717517e-07
269,2025-10-14 21:20:59,1.7594437362600246e-06,7.940116634584645e-08,2.5144503790208717e-07,5.764622664369401e-07,2.421490643333968e-06,3.934332694696693e-07
270,2025-10-14 21:21:53,3.1231575361445607e-06,1.5556923956809833e-07,1.7178965330266749e-06,1.7439418609762418e-07,5.027785405786744e-06,4.905936148109516e-07
271,2025-10-14 21:22:48,3.242408705972366e-06,1.7699834356167235e-07,1.721751059058363e-06,2.1975105106697894e-07,5.351875476344858e-06,4.446688474257145e-07
272,2025-10-14 21:23:43,2.969015591158808e-06,1.4818794726339897e-07,1.7448906735051395e-06,2.0119410175191228e-07,4.626881825009477e-06,3.544866457814672e-07
273,2025-10-14 21:24:37,2.730501949654851e-06,1.2271367252321357e-07,1.4761661755180455e-06,1.6572860285882002e-07,4.25536563231077e-06,3.9022176034554e-07
274,2025-10-14 21:25:32,2.5879199632150574e-06,1.1505161424982335e-07,9.322631771002676e-07,1.4894711070044664e-07,3.822370815198539e-06,4.368681296935424e-07
275,2025-10-14 21:26:26,2.6556833800928104e-06,1.192302414913892e-07,1.1044163448215016e-06,1.580608654716073e-07,4.161955866388567e-06,4.3015863326714133e-07
276,2025-10-14 21:27:21,2.0573805263879308e-06,8.424907326320435e-08,2.9343365381961917e-07,4.193864711237418e-07,2.8252255788174807e-06,3.328180996981676e-07
277,2025-10-14 21:28:15,2.3436493563622207e-06,8.559339885406703e-08,2.5996413000051177e-07,7.489222521953271e-07,2.4629981445478677e-06,3.4356087853167474e-07
278,2025-10-14 21:29:10,2.3560044093429156e-06,8.908963007477842e-08,2.611428171483965e-07,8.442070771235008e-07,2.971426742437444e-06,3.139460110160516e-07
279,2025-10-14 21:30:04,2.140236270209428e-06,7.37295192169421e-08,2.3731896381384843e-07,9.724754146615064e-07,2.1079146008684546e-06,2.845887026536284e-07
280,2025-10-14 21:30:59,4.483721576686861e-06,1.2007416114154322e-07,3.2162565100080087e-07,5.971022112255119e-07,6.355275616654055e-06,4.3695986792999936e-07
281,2025-10-14 21:31:54,3.7029620478801206e-06,8.638501548610615e-08,2.7847653405466133e-07,8.426658996373574e-07,5.374951556502694e-06,3.858572628254403e-07
282,2025-10-14 21:32:49,2.9058057089415e-06,9.961850264219552e-08,2.5129376735044673e-07,1.182573952476362e-06,4.684780231078989e-06,5.153299380454653e-07
283,2025-10-14 21:33:43,2.979339323028185e-06,7.948646240178921e-08,2.6765092586700234e-07,1.1104573120208823e-06,4.573951860598058e-06,4.2596603696991717e-07
284,2025-10-14 21:34:38,3.468905757753049e-06,1.2417623744899194e-07,2.869379871484057e-07,7.416755676542019e-07,5.243421785205982e-06,5.017249470667719e-07
285,2025-10-14 21:35:33,3.865263406677144e-06,1.2537539892189476e-07,2.885244720918223e-07,8.814870447479569e-07,5.782000005449817e-06,3.9191705881142824e-07
286,2025-10-14 21:36:27,3.571158149195952e-06,1.1890120582933848e-07,2.812093733428611e-07,9.192704843985593e-07,5.1039518009776685e-06,4.5044714846040083e-07
287,2025-10-14 21:37:22,4.382121885804224e-06,1.2043947991593175e-07,3.093846299151437e-07,6.623843511717449e-07,6.129922258679699e-06,5.01455045178894e-07
288,2025-10-14 21:38:16,4.708177866019625e-06,1.2657715978334311e-07,3.043019496384858e-07,7.831342494763018e-07,6.083801977752046e-06,5.072778353016072e-07
289,2025-10-14 21:39:11,5.3746255654907316e-06,1.5823343365056166e-07,0.0008262656390201073,0.1498049040370917,6.440884927405577e-06,3.774312857524883e-07
290,2025-10-14 21:40:05,3.8668566810784455e-06,9.981548505117168e-08,2.92160277526321e-07,8.231822622841114e-07,5.442570065294916e-06,4.139323603598488e-07
291,2025-10-14 21:41:00,5.360939647314211e-06,1.3726128326207125e-07,3.3220428385938305e-07,6.545938738762869e-07,7.406986025193518e-06,5.385793170099562e-07
292,2025-10-14 21:41:54,4.565766443809238e-06,1.2322363845022882e-07,2.8537764729108517e-07,8.899688405811744e-07,6.319987724934251e-06,3.7984028848069615e-07
293,2025-10-14 21:42:49,4.942041356370552e-06,1.0927916265322506e-07,3.974258840688805e-06,3.12585084977192e-07,6.203834970186506e-06,3.7349185629740227e-07
294,2025-10-14 21:43:43,5.5375625154230335e-06,1.420600927868672e-07,3.989193260167667e-06,3.2644309369451196e-07,6.770567112734938e-06,4.2946673011293325e-07
295,2025-10-14 21:44:38,4.581165388817254e-06,1.4688988024995924e-07,3.1663104782531093e-07,5.684599559027776e-07,6.0604802536445845e-06,5.154410638007687e-07
296,2025-10-14 21:45:33,3.927401891257176e-06,1.4168443286524793e-07,2.837464356808539e-07,7.403615989675439e-07,5.494873609901418e-06,4.583386349975302e-07
297,2025-10-14 21:46:27,1.7378643542009797e-06,7.21308101654801e-08,3.7431464261494796e-07,2.748328877807702e-07,2.3487346405559606e-06,4.1370091247486703e-07
298,2025-10-14 21:47:22,4.7127851818817845e-06,1.545268158737458e-07,3.112454587395064e-07,7.079886317762146e-07,6.574182728869005e-06,4.381415744846998e-07
299,2025-10-14 21:48:16,4.634784789070423e-06,1.3107110381306457e-07,3.105749435405869e-07,6.53291934969436e-07,6.720064616327903e-06,4.394082059268517e-07
300,2025-10-14 21:49:11,4.53714814363515e-06,1.3150851000865754e-07,3.130272472340323e-07,7.086602574420141e-07,6.11744345113685e-06,4.859951655842287e-07
