Iteration,Timestamp,T1,T1_std,T2*,T2*_std,T2E,T2E_std
1,2025-10-02 17:45:56,3.775977923603513e-05,1.1265818240971708e-06,1.5921854615630338e-05,1.6304249822910402e-06,3.6843183625290266e-05,4.479408635722816e-06
2,2025-10-02 17:46:45,3.7553304579773794e-05,1.025922531102035e-06,1.4069431946150956e-05,1.1912524177128718e-06,2.9578910502925385e-05,2.346415714869089e-06
3,2025-10-02 17:47:33,3.4696970870884414e-05,8.227392911935379e-07,1.574565968986974e-05,1.4527665051673678e-06,2.661759942057529e-05,2.9057126362918914e-06
4,2025-10-02 17:48:22,3.575058207649917e-05,9.66549713607036e-07,1.515902626958443e-05,1.199224664512403e-06,3.392514868982843e-05,4.0981288472301625e-06
5,2025-10-02 17:49:10,4.4238157355325214e-05,1.2650854090220289e-06,1.6981165457119474e-05,1.326944602188352e-06,3.543297698538339e-05,4.305645956612495e-06
6,2025-10-02 17:49:59,3.48675037238344e-05,7.536523443080036e-07,1.5992052351476715e-05,1.3062164332319152e-06,2.5950483133918567e-05,2.635230278699777e-06
7,2025-10-02 17:50:47,4.01303597179492e-05,1.0555104515744391e-06,1.74819456115749e-05,1.6319607502946865e-06,3.099266028194769e-05,3.3735250252098656e-06
8,2025-10-02 17:51:37,3.891543805600861e-05,9.872041177460233e-07,1.6389254580806423e-05,1.3086758591825475e-06,2.789274158754296e-05,2.25943083473637e-06
9,2025-10-02 17:52:26,3.3164847886180127e-05,7.82942536186542e-07,1.5549726136265818e-05,1.6373557834077572e-06,3.5769778667482655e-05,3.980146758696562e-06
10,2025-10-02 17:53:14,4.038675125439539e-05,8.790336395892243e-07,1.452259458201155e-05,1.040807278052024e-06,3.688590932471314e-05,3.878304124186254e-06
11,2025-10-02 17:54:03,3.823539277858501e-05,9.936289516781756e-07,1.7484253980182274e-05,1.4534468870453208e-06,3.5163516378444726e-05,3.5143927547968e-06
12,2025-10-02 17:54:51,4.008536095989612e-05,1.2962520840523149e-06,1.5185280788365674e-05,1.252470438515802e-06,3.091285850431724e-05,3.722901377419952e-06
13,2025-10-02 17:55:40,3.564920635579227e-05,8.008140912879863e-07,1.5681504485609565e-05,1.3712110150063334e-06,3.286539196545313e-05,4.523886419293722e-06
14,2025-10-02 17:56:29,3.251835373752065e-05,1.0634354615065349e-06,1.5949279868365807e-05,1.6301481313750963e-06,3.2756901625630164e-05,3.586941610555657e-06
15,2025-10-02 17:57:17,2.812396334084255e-05,8.968294381972528e-07,1.1897650336267772e-05,1.2325429868428434e-06,3.26740886054111e-05,3.519613888636513e-06
16,2025-10-02 17:58:06,3.34014405303229e-05,8.121960958784255e-07,1.454320266325304e-05,1.3006925251627057e-06,3.369270647812783e-05,4.067598391711853e-06
17,2025-10-02 17:58:54,3.0534218823374815e-05,8.16943240730766e-07,1.4712173225239766e-05,1.2731331467888292e-06,2.721905232805355e-05,2.281722132448054e-06
18,2025-10-02 17:59:42,3.86432191872288e-05,8.432328420504507e-07,1.753511869351243e-05,1.4408806546877858e-06,3.896179110185472e-05,5.40438438687869e-06
19,2025-10-02 18:00:32,3.954573007258766e-05,1.1765986565351436e-06,1.876613630469315e-05,1.6437559086585736e-06,2.86895803547349e-05,2.4761985648263403e-06
20,2025-10-02 18:01:21,4.099442806393405e-05,1.071185114592046e-06,1.696785482918628e-05,1.6497940087414297e-06,3.740699187360086e-05,5.932520314527304e-06
21,2025-10-02 18:02:09,4.378685906947233e-05,1.1740653761073812e-06,1.7766483752179596e-05,1.4055489127973224e-06,3.7019519535164136e-05,4.553495900850736e-06
22,2025-10-02 18:02:58,3.290831085989154e-05,7.670453395133184e-07,1.3311102765145575e-05,1.3662805259517168e-06,3.0364847818820092e-05,3.8592016819231845e-06
23,2025-10-02 18:03:47,3.546981338620192e-05,1.0808016104036017e-06,1.5633971323758544e-05,1.262076060990806e-06,2.527036648114489e-05,2.682625903455362e-06
24,2025-10-02 18:04:37,3.611711731488221e-05,7.387388620479957e-07,1.6433311071928358e-05,1.266667191836718e-06,3.0271882681232043e-05,3.14229524434685e-06
25,2025-10-02 18:05:25,3.648392293542635e-05,8.499713391119245e-07,1.812982862037238e-05,1.4897967890799644e-06,2.9279609297550024e-05,2.945881870105295e-06
26,2025-10-02 18:06:14,3.757543084215165e-05,9.343952733958412e-07,1.7037246332618494e-05,1.6294975889629688e-06,3.992797687568661e-05,5.310451044181214e-06
27,2025-10-02 18:07:02,4.2010551369431326e-05,1.2513779173134863e-06,1.9018108594615057e-05,1.5561894908208611e-06,4.055119414547725e-05,6.4190296114055465e-06
28,2025-10-02 18:07:51,4.207816873247339e-05,1.1135992944647748e-06,1.6377584800331135e-05,1.3269146226520314e-06,3.98221248127939e-05,5.921307776308142e-06
29,2025-10-02 18:08:39,4.297408394227098e-05,1.189547276405186e-06,1.902278211907138e-05,1.8090473321663324e-06,2.9720942560151897e-05,2.872737294337179e-06
30,2025-10-02 18:09:28,4.125941675980904e-05,1.1759556035629049e-06,1.857380074388182e-05,1.541124255918553e-06,4.29532119110565e-05,5.878238875120309e-06
31,2025-10-02 18:10:18,3.84340909624914e-05,8.054804387867372e-07,1.6639731194034724e-05,1.4776905247778073e-06,3.379968041894443e-05,4.377673940923181e-06
32,2025-10-02 18:11:07,3.908525071683045e-05,1.1300771419253333e-06,1.7251652852046107e-05,1.557176181067765e-06,3.028427165685521e-05,3.184383770820485e-06
33,2025-10-02 18:11:55,3.869424657865217e-05,1.3049744321409624e-06,1.7414475830701548e-05,1.4213805951463146e-06,3.1601300069628024e-05,3.624656634565722e-06
34,2025-10-02 18:12:44,3.953114884347464e-05,1.1028453433210506e-06,1.6330189595681333e-05,1.413807772785162e-06,3.783334824825069e-05,4.738013616315956e-06
35,2025-10-02 18:13:33,3.633173208794638e-05,8.489908967835604e-07,1.7865805313377336e-05,1.6450094441774344e-06,3.0341865581151595e-05,3.036899478529892e-06
36,2025-10-02 18:14:21,3.984103597587385e-05,9.867175312981727e-07,1.7551181713981734e-05,1.6003160434442908e-06,3.249840880781285e-05,3.784516198473143e-06
37,2025-10-02 18:15:11,3.8251545471990056e-05,1.0674465892484069e-06,1.2855910041853493e-05,1.1605349595719971e-06,3.039735797405463e-05,3.0850441237108086e-06
38,2025-10-02 18:16:00,3.81379363874057e-05,9.676914941914198e-07,1.8119195950960787e-05,1.5224890873870406e-06,3.6005098616787024e-05,4.863340488763608e-06
39,2025-10-02 18:16:48,4.602315363411158e-05,1.4107052355443651e-06,1.650834175914717e-05,1.332925059921012e-06,3.393956886377225e-05,4.787417126583922e-06
40,2025-10-02 18:17:36,4.307051601926126e-05,1.2518942708532824e-06,1.7027062486629774e-05,1.2146682332490197e-06,3.305790339735992e-05,4.114766228724318e-06
41,2025-10-02 18:18:25,4.291296350955598e-05,1.2380396210854246e-06,1.7007793175594088e-05,1.347061172669203e-06,3.3288337838000004e-05,4.201810348777177e-06
42,2025-10-02 18:19:14,3.7218347018308506e-05,9.667397794021763e-07,1.583101053492797e-05,1.4936085874336213e-06,3.014439878956665e-05,2.827011554093377e-06
43,2025-10-02 18:20:02,3.728298412064568e-05,9.73576683571069e-07,1.6664936646426654e-05,1.5350392161161114e-06,3.60997491986037e-05,4.27972705092311e-06
44,2025-10-02 18:20:53,3.339435115168321e-05,9.060593926289152e-07,1.503250144985202e-05,1.2220903479567535e-06,3.072844372398187e-05,3.655461418555434e-06
45,2025-10-02 18:21:41,3.278012215290893e-05,7.852810032438293e-07,1.4796907326308784e-05,1.2444087242831966e-06,2.9612188685579355e-05,3.4883753521050697e-06
46,2025-10-02 18:22:30,2.8743095310979072e-05,7.966630275035827e-07,1.4958176964174896e-05,1.233879835586896e-06,3.5407813958610035e-05,4.434994246471734e-06
47,2025-10-02 18:23:19,3.800002763698629e-05,8.876737374880642e-07,1.658227372258736e-05,1.3611308518659544e-06,3.1973843639843125e-05,3.279290095822973e-06
48,2025-10-02 18:24:07,3.780227867244968e-05,8.428797797278994e-07,1.7163849382439977e-05,1.514051609510019e-06,3.48851307647724e-05,3.6989821766899886e-06
49,2025-10-02 18:24:56,4.044032610850401e-05,1.189065192748601e-06,1.876726079075297e-05,1.680004988260353e-06,3.274174832479382e-05,4.061660151329745e-06
50,2025-10-02 18:25:44,3.109517389532357e-05,7.790998390385284e-07,1.3755845538199196e-05,1.2662121255790972e-06,2.990256878709907e-05,3.502249224346336e-06
51,2025-10-02 18:26:33,3.12255860519528e-05,7.952936474079509e-07,1.5399095054657863e-05,1.4892355331503048e-06,3.1964244688653665e-05,3.204278069658077e-06
52,2025-10-02 18:27:21,3.030661122371825e-05,7.80933071921245e-07,1.7090116971374414e-05,1.5693679823418255e-06,3.1011666685731853e-05,3.071770112367192e-06
53,2025-10-02 18:28:10,3.208062536752543e-05,8.071692523682138e-07,1.80112893137796e-05,1.6488827397191314e-06,2.8122018178811103e-05,2.77414530164152e-06
54,2025-10-02 18:28:58,2.8071235176341247e-05,7.998466699314682e-07,1.3076445598114717e-05,1.1101614480446197e-06,2.407626815670305e-05,1.89328982402804e-06
55,2025-10-02 18:29:46,2.688851207799381e-05,7.861081297466592e-07,1.3268740338023832e-05,1.1763253847454022e-06,2.771559184089334e-05,2.424610630841934e-06
56,2025-10-02 18:30:34,2.7844707950253067e-05,6.144416539554858e-07,1.5637268727219933e-05,1.3424095687630871e-06,2.7762762586647227e-05,2.609534068485654e-06
57,2025-10-02 18:31:22,2.5064302813238012e-05,8.541399608025619e-07,1.4497622849329872e-05,1.4368944070990771e-06,2.7773187578405967e-05,2.437692183424283e-06
58,2025-10-02 18:32:10,3.7320054327771857e-05,7.537372317627548e-07,1.4418406058425148e-05,1.2693284664561478e-06,2.979104995604054e-05,3.2332928447698957e-06
59,2025-10-02 18:33:00,2.9641918206202437e-05,7.231143640591597e-07,1.3983393522654096e-05,1.354408576919274e-06,2.8686653045895127e-05,2.712603123356959e-06
60,2025-10-02 18:33:48,3.283682328536486e-05,8.524223742696528e-07,1.5981411679799606e-05,1.243928771649614e-06,3.11253228932884e-05,3.5880602611991063e-06
61,2025-10-02 18:34:36,3.2644495677081053e-05,8.269876799739892e-07,1.4907740019998172e-05,1.7290891505735342e-06,3.335769781931397e-05,3.795745821943088e-06
62,2025-10-02 18:35:24,3.105735238939644e-05,7.557950318503605e-07,1.719759072971172e-05,1.3902838351117418e-06,3.371910083793672e-05,3.835487506022433e-06
63,2025-10-02 18:36:13,3.714303158108834e-05,9.037467729225146e-07,1.188263312190685e-05,1.0750105525277808e-06,2.499727044269484e-05,1.8570589631737443e-06
64,2025-10-02 18:37:01,3.765281046486102e-05,1.0047576755781768e-06,1.533320584679032e-05,1.3883133978311963e-06,3.302934263293977e-05,3.746761551700013e-06
65,2025-10-02 18:37:50,3.332882551698724e-05,9.64815577636419e-07,1.513282667375826e-05,1.2802475876505164e-06,3.4313740339797505e-05,4.30837532088143e-06
66,2025-10-02 18:38:38,3.682098918256216e-05,1.0439679155822397e-06,1.7134868684820503e-05,1.491839938809388e-06,2.890870129279577e-05,2.976801159958737e-06
67,2025-10-02 18:39:28,3.356872120074961e-05,6.571580334135472e-07,1.5740481867920764e-05,1.2970166936034554e-06,3.345758337625071e-05,2.9109830142947613e-06
68,2025-10-02 18:40:16,3.828131713135008e-05,9.276633022358732e-07,1.7486499260366273e-05,1.3956600966237e-06,3.394739103268485e-05,4.0523769223895855e-06
69,2025-10-02 18:41:04,3.482904170337697e-05,9.83326513196212e-07,1.6030834400160288e-05,1.5356700467744195e-06,3.1635216396042054e-05,3.279052763848004e-06
70,2025-10-02 18:41:52,2.840285779948104e-05,7.345961861920018e-07,1.3651849500861957e-05,1.3705215421590862e-06,3.1369134055658776e-05,3.0482017613909792e-06
71,2025-10-02 18:42:40,2.7526800363331105e-05,9.254383898938692e-07,1.447842177015879e-05,1.5808483698884029e-06,2.31431763793033e-05,1.8105280596307932e-06
72,2025-10-02 18:43:28,3.252220127225591e-05,6.831416808787314e-07,1.2546637441435138e-05,1.195159326828033e-06,3.1630122317771736e-05,3.764248690668726e-06
73,2025-10-02 18:44:16,2.8233716049097524e-05,6.073705205428944e-07,1.452291751724566e-05,1.3695873469092158e-06,2.9061871357205504e-05,2.89564510597659e-06
74,2025-10-02 18:45:04,3.0153777757391254e-05,6.201768324868012e-07,1.610672746421571e-05,1.7217143637300512e-06,2.9705184450667943e-05,3.172988047086937e-06
75,2025-10-02 18:45:52,3.169286305504393e-05,7.158477812616201e-07,1.566738055402972e-05,1.4645934826201228e-06,2.96350350665886e-05,2.87626691288714e-06
76,2025-10-02 18:46:42,2.7782896607986277e-05,6.934141317822769e-07,1.5042709909263152e-05,1.3436813281420662e-06,2.459266603627164e-05,1.8177198599982371e-06
77,2025-10-02 18:47:30,2.7714619773799853e-05,8.047793393767481e-07,1.479255215142139e-05,1.4041997503286585e-06,2.848297101065711e-05,2.492867297770723e-06
78,2025-10-02 18:48:18,3.0274357180282152e-05,7.913775055597331e-07,1.5496986216945174e-05,1.173972688357816e-06,3.143642073566433e-05,2.976071015698136e-06
79,2025-10-02 18:49:06,3.070919607428557e-05,8.962729305503941e-07,1.55013351799127e-05,1.3552288773134515e-06,3.0817913976521893e-05,2.921144115254573e-06
80,2025-10-02 18:49:55,3.537765985384134e-05,9.179866698416748e-07,1.6427601180035722e-05,1.332756412172152e-06,3.295986582796395e-05,3.336137625413215e-06
81,2025-10-02 18:50:43,3.172247095317715e-05,8.17167062394528e-07,1.3743679799116393e-05,1.2238317871016412e-06,2.7793894718186607e-05,3.0186458880099702e-06
82,2025-10-02 18:51:31,2.910170295011838e-05,7.897650059243567e-07,1.498225046026036e-05,1.407260327267501e-06,2.7465902127765677e-05,2.406704845913529e-06
83,2025-10-02 18:52:19,3.099303147990895e-05,6.424797157934146e-07,1.607659832325581e-05,1.439303973027804e-06,2.939866259232815e-05,2.4088937128748724e-06
84,2025-10-02 18:53:07,3.105021036331479e-05,6.503225564226335e-07,1.69115252635077e-05,1.6919850520574537e-06,3.787003693833668e-05,4.134373113410958e-06
85,2025-10-02 18:53:56,3.23968123834284e-05,7.314175856422353e-07,1.5834636677647396e-05,1.3823355271032752e-06,3.3576116624356445e-05,3.821578834924021e-06
86,2025-10-02 18:54:47,3.595459577909743e-05,9.120964843429832e-07,1.703030799871108e-05,1.457013768033644e-06,2.9106844722237568e-05,3.191935579790745e-06
87,2025-10-02 18:55:35,1.9303009798354864e-05,7.073738068290428e-07,7.738726708783616e-06,7.582351964982998e-07,1.8933530012033017e-05,1.57817202198458e-06
88,2025-10-02 18:56:23,2.157690504200893e-05,8.304224686796805e-07,9.719002736163771e-06,9.402476929923236e-07,2.520218292501042e-05,2.274992247089718e-06
89,2025-10-02 18:57:11,1.8573667419197196e-05,6.593516530080349e-07,8.052448572826165e-06,7.524059949934211e-07,1.9205863729165884e-05,1.3095738852079002e-06
90,2025-10-02 18:58:00,1.798963644339402e-05,6.764612158739185e-07,8.416404914113329e-06,8.15040919707422e-07,2.047365004020918e-05,1.6146428119933828e-06
91,2025-10-02 18:58:48,1.6941274125992223e-05,7.073913488326054e-07,7.423157203367836e-06,7.537737816449144e-07,1.680152604865981e-05,1.3544272876054442e-06
92,2025-10-02 18:59:36,1.6554039188543257e-05,6.300073263542813e-07,7.0981229622901765e-06,6.744913333885625e-07,1.91886111888806e-05,1.0109629730557523e-06
93,2025-10-02 19:00:25,1.8535397145358345e-05,6.914107329686622e-07,7.573821222628396e-06,7.058934482897298e-07,1.6996880926933855e-05,1.1655011976295525e-06
94,2025-10-02 19:01:13,1.964971568946261e-05,6.817209707978506e-07,7.004761338302856e-06,7.972723947536897e-07,1.8324982845152604e-05,1.3598744686540695e-06
95,2025-10-02 19:02:04,2.202959711739005e-05,8.211934390754881e-07,9.66804223034856e-06,9.56145016715612e-07,2.5188982593515877e-05,1.985140798401362e-06
96,2025-10-02 19:02:51,2.210146048220452e-05,8.101121042936817e-07,1.076162132718217e-05,9.57503564550913e-07,2.8990271991213845e-05,2.534166850894512e-06
97,2025-10-02 19:03:39,2.2661787333344563e-05,6.420105282783287e-07,7.39249423697963e-06,1.5746892337945734e-06,2.282154036281625e-05,1.7675265367968275e-06
98,2025-10-02 19:04:28,2.0910180747568677e-05,6.688338605223136e-07,9.246519814043452e-06,8.687944646774433e-07,2.114198232083808e-05,1.5017659017261237e-06
99,2025-10-02 19:05:16,2.2055716327962216e-05,8.175808282561706e-07,1.0358332256155124e-05,8.867888683106878e-07,2.4427224930789748e-05,1.9403704027092542e-06
100,2025-10-02 19:06:04,1.8940466399941517e-05,7.556721444273387e-07,8.485519838119515e-06,9.335559457732168e-07,2.31263019934147e-05,2.0808296017185314e-06
101,2025-10-02 19:06:53,2.102309296336813e-05,6.956860006784256e-07,1.065097261720993e-05,9.57937452052873e-07,2.1819693310165533e-05,1.4139236132601314e-06
102,2025-10-02 19:07:41,2.159531754641897e-05,6.384699963027377e-07,1.0508861452596108e-05,1.102325087698393e-06,1.942852685599128e-05,1.4218262675119602e-06
103,2025-10-02 19:08:29,2.3994031219221057e-05,8.274684997603819e-07,1.2963782102914934e-05,1.1933337890255869e-06,2.479445995606788e-05,1.8689705473489888e-06
104,2025-10-02 19:09:17,2.238044845204179e-05,8.186391778161382e-07,1.1317475075767192e-05,1.1522683576400529e-06,2.6108991729945075e-05,2.2371129167655407e-06
105,2025-10-02 19:10:05,1.8175288173827298e-05,7.070759362342118e-07,7.112422477417724e-06,8.245498054679436e-07,2.195585767883479e-05,1.6941604188014065e-06
106,2025-10-02 19:10:56,1.87510848199679e-05,6.103679461852288e-07,7.273661478901516e-06,6.622908708751013e-07,2.2441882683743582e-05,1.721635247427479e-06
107,2025-10-02 19:11:45,1.9500629519164647e-05,7.228852746050939e-07,6.84286070673501e-06,6.782878156185167e-07,1.776708431688867e-05,9.463827574136846e-07
108,2025-10-02 19:12:33,1.673467979190768e-05,4.804726355261979e-07,7.923616659022414e-06,,2.0532448204990672e-05,1.4759837230596757e-06
109,2025-10-02 19:13:23,1.75990660575831e-05,6.561808147696173e-07,6.7399699454906425e-06,7.677359400518228e-07,1.912969932504893e-05,1.507306575649168e-06
110,2025-10-02 19:14:11,1.815964515672341e-05,6.598699814940001e-07,8.083075531795103e-06,7.465254748272782e-07,2.0161653682571057e-05,1.4898257603508342e-06
111,2025-10-02 19:15:01,1.7595434363304463e-05,7.429863301914274e-07,6.644958339352414e-06,7.123489360133644e-07,2.076587162869181e-05,1.5019020861663013e-06
112,2025-10-02 19:15:50,2.2110420226706395e-05,8.064069099995096e-07,1.0601353989780904e-05,1.0539249790716629e-06,1.948862231082593e-05,1.4878554316132063e-06
113,2025-10-02 19:16:38,1.793529896954027e-05,6.890542313362352e-07,2.6641968173812813e-06,1.08414368656673e-06,1.8870673119675278e-05,1.028763808140359e-06
114,2025-10-02 19:17:27,3.8278844421979485e-05,1.073470783348434e-06,1.5784028109866455e-05,1.2785468757721046e-06,2.865662907103328e-05,2.850280696422511e-06
115,2025-10-02 19:18:15,3.66295432934205e-05,7.955922593189463e-07,1.7591322933885323e-05,1.6042407058797703e-06,2.8640388174627773e-05,3.0454967193342565e-06
116,2025-10-02 19:19:03,3.934789463788668e-05,8.537516418066893e-07,1.8342902131207595e-05,1.7580139220010565e-06,3.280045168718715e-05,3.594748242227599e-06
117,2025-10-02 19:19:54,4.180699352906992e-05,1.06136871292921e-06,1.9863166148548217e-05,1.5899558339031838e-06,3.3713487517461616e-05,4.271026533554783e-06
118,2025-10-02 19:20:42,4.280709213899669e-05,1.0144532254542716e-06,1.7210267885259256e-05,1.583619466711644e-06,2.864926477164076e-05,2.857960080542256e-06
119,2025-10-02 19:21:30,4.3921589801376726e-05,1.1343151278916148e-06,1.7738264764588507e-05,1.5630728778664104e-06,3.174329921407093e-05,3.977941369104264e-06
120,2025-10-02 19:22:18,4.351469506458372e-05,1.1133804520332994e-06,1.8028846433093548e-05,1.4306459227264977e-06,3.3699597922876023e-05,4.344251293368142e-06
121,2025-10-02 19:23:07,4.0381328411776e-05,8.856257433804435e-07,1.7472989420674878e-05,1.4021368111149228e-06,3.0569480094611023e-05,3.900918993620644e-06
122,2025-10-02 19:23:55,4.264572157741675e-05,9.516947741658064e-07,1.7347940444167875e-05,1.3070657381545144e-06,2.92921066080698e-05,3.3810910968390632e-06
123,2025-10-02 19:24:43,4.362704444860199e-05,1.2091936983109731e-06,1.8742395570425785e-05,1.54597112009045e-06,2.889813210660286e-05,2.8034565542006046e-06
124,2025-10-02 19:25:31,4.072012010603032e-05,9.323170677268068e-07,1.7930146628986066e-05,1.479592656832091e-06,3.091212859729353e-05,3.4369335981852272e-06
125,2025-10-02 19:26:19,3.6703871941545785e-05,8.964786059777402e-07,1.79901813039951e-05,1.4689927639719245e-06,3.257849945592639e-05,3.45149376349891e-06
126,2025-10-02 19:27:07,3.712722251414391e-05,8.266782723389837e-07,1.6930278816662536e-05,1.468040938294862e-06,2.770219610725988e-05,3.4015830256568443e-06
127,2025-10-02 19:27:55,3.4355859151569135e-05,6.768423485182231e-07,1.7636038490032035e-05,1.353738017183008e-06,2.740780887644512e-05,2.892938653444469e-06
128,2025-10-02 19:28:44,4.056282311526438e-05,1.1523013277912012e-06,1.7581984652625948e-05,1.586457947850312e-06,3.510081565183398e-05,4.515415598257733e-06
129,2025-10-02 19:29:34,4.399072981886576e-05,8.965810153287941e-07,1.703032007460692e-05,1.526498139071026e-06,2.8533674427677624e-05,3.458323260377174e-06
130,2025-10-02 19:30:22,4.398433744090546e-05,1.196055180597399e-06,1.7879955703792305e-05,1.3698841822387703e-06,3.9043261054638734e-05,5.375464112691565e-06
131,2025-10-02 19:31:10,4.17767913289957e-05,1.185155583608223e-06,2.1044191678809557e-05,1.77065149240949e-06,2.882783462498928e-05,3.232624320330544e-06
132,2025-10-02 19:31:59,3.8843740773453206e-05,1.0352029649920458e-06,1.7698764784634946e-05,1.5879519438412508e-06,3.3541354351074304e-05,4.042512095394441e-06
133,2025-10-02 19:32:47,4.411741212861919e-05,1.253652479467968e-06,1.901922995473093e-05,1.670669716379689e-06,2.7155109760146345e-05,2.189336401078532e-06
134,2025-10-02 19:33:35,4.878641951266971e-05,1.1511131530517453e-06,1.8791815831642467e-05,1.81841758175894e-06,3.257617352270259e-05,4.318026820464195e-06
135,2025-10-02 19:34:23,4.7196548508265934e-05,1.0358656457797532e-06,1.953599566562048e-05,1.720884642592173e-06,2.8499962942962757e-05,3.0454777550617718e-06
136,2025-10-02 19:35:12,4.515305561758609e-05,1.2759792438331337e-06,1.858488208283937e-05,1.38722563307892e-06,3.2795697278320546e-05,4.2537767248589495e-06
137,2025-10-02 19:36:00,3.802145996956163e-05,8.911990107356729e-07,1.920298064672643e-05,1.695562987950243e-06,2.716089992249593e-05,2.632995840399432e-06
138,2025-10-02 19:36:48,3.734765300977827e-05,7.699444741997308e-07,1.910029847662642e-05,1.52526773968197e-06,3.089392032018523e-05,4.035453465481095e-06
139,2025-10-02 19:37:36,4.008786462050829e-05,8.18202339910934e-07,1.8014996527870863e-05,1.3713586442381363e-06,2.8148626638468958e-05,2.7644698632350063e-06
140,2025-10-02 19:38:23,4.2991626226340784e-05,1.1619369423861172e-06,1.7207488146375738e-05,1.2174996996111168e-06,3.3625985795593394e-05,3.645299247234098e-06
141,2025-10-02 19:39:14,4.1624812864071714e-05,1.113326632376465e-06,1.783537977129157e-05,1.3497537948388896e-06,2.7396091077491747e-05,2.4630768886004936e-06
142,2025-10-02 19:40:02,3.6757756427974186e-05,8.125628593785792e-07,1.8264840442983044e-05,1.523140963301545e-06,2.956581080049148e-05,3.4237287676105555e-06
143,2025-10-02 19:40:50,3.790646459989056e-05,7.733763644009695e-07,1.776035528511244e-05,1.6160669239349288e-06,3.0447908029751503e-05,2.820254801580032e-06
144,2025-10-02 19:41:38,3.620840447404738e-05,8.775249797048061e-07,1.7624178927366785e-05,1.323337634323034e-06,2.3763629382722584e-05,2.1784367764305004e-06
145,2025-10-02 19:42:26,3.884950930177489e-05,8.667502685493739e-07,1.8015194984455363e-05,1.3883876191743984e-06,2.7804942719367176e-05,3.625131399498274e-06
146,2025-10-02 19:43:15,3.609718074515378e-05,8.47548585051165e-07,1.7584267275383425e-05,1.377864933929851e-06,2.837267943900379e-05,3.4932576516105662e-06
147,2025-10-02 19:44:02,3.763551834734536e-05,7.615118759348023e-07,1.749277236684499e-05,1.5348676239047194e-06,3.064132191155089e-05,3.936505226906076e-06
148,2025-10-02 19:44:51,4.1100555825623886e-05,1.0319738048756096e-06,1.7850497342264404e-05,1.4232368395500095e-06,3.938940010383973e-05,6.139256806648976e-06
149,2025-10-02 19:45:39,3.997367873576074e-05,9.297215377926444e-07,1.8593350908036044e-05,1.6059118160023391e-06,3.33159433199004e-05,3.823052727745204e-06
150,2025-10-02 19:46:27,4.0863636681542914e-05,9.15631025159364e-07,1.8132242155077805e-05,1.439917075505359e-06,2.787336912457583e-05,3.1236627259820907e-06
151,2025-10-02 19:47:15,3.675057428309536e-05,7.742869499313899e-07,1.831172628818933e-05,1.6077169296396502e-06,2.4665576330518132e-05,2.156056396709379e-06
152,2025-10-02 19:48:03,3.652142602139641e-05,9.56246650811706e-07,1.9084491012177907e-05,1.7851301483373628e-06,2.3305551391628043e-05,2.1451332359455306e-06
153,2025-10-02 19:48:52,3.672577389357557e-05,7.98766600247316e-07,1.7203188730885444e-05,1.5812555393464225e-06,2.588736327968633e-05,2.9295993148894063e-06
154,2025-10-02 19:49:40,3.657322135364183e-05,8.765279913874783e-07,1.81920562738469e-05,1.794175978227435e-06,2.7627965034637825e-05,2.795731503468443e-06
155,2025-10-02 19:50:30,3.757184350350329e-05,8.714585127754658e-07,1.940768135733073e-05,1.5361364382424065e-06,3.000874840619616e-05,3.738429058665408e-06
156,2025-10-02 19:51:18,3.530540533969173e-05,7.465265542535516e-07,1.6010795470089434e-05,1.5006490486907148e-06,3.0084719990108862e-05,3.256367477463336e-06
157,2025-10-02 19:52:06,3.390923604706941e-05,8.040311815780336e-07,1.8404160019303006e-05,1.8987314338509131e-06,2.7337069832267247e-05,3.249009022179425e-06
158,2025-10-02 19:52:55,3.1554154487301034e-05,8.239376074642306e-07,1.5673378732872223e-05,1.5298830363084151e-06,2.7118690472782703e-05,3.617320102070857e-06
159,2025-10-02 19:53:43,2.8759358067675933e-05,5.880890149083567e-07,1.656117591730677e-05,1.5243543697820288e-06,2.3598622048703888e-05,2.1257273276305546e-06
160,2025-10-02 19:54:31,2.936308364387408e-05,5.656472684068543e-07,1.591160825586968e-05,1.6637707523251802e-06,2.5955288972978607e-05,2.300393678703419e-06
161,2025-10-02 19:55:19,3.045041450899788e-05,7.700146851238614e-07,1.645861068300114e-05,1.5617993454949869e-06,2.857701293201842e-05,3.018576285154289e-06
162,2025-10-02 19:56:07,3.230831172595927e-05,8.006594522981085e-07,1.70553703386922e-05,1.5375866715055746e-06,2.724501494877352e-05,2.6400128974886662e-06
163,2025-10-02 19:56:56,3.1487803857199737e-05,7.563300427431489e-07,1.7020231587228096e-05,1.5550667332746467e-06,2.3721074759119887e-05,2.1956762148137474e-06
164,2025-10-02 19:57:44,3.131962198832383e-05,7.455652167201472e-07,1.653273481339035e-05,1.5094784589082208e-06,2.5934457710707903e-05,2.202408942789945e-06
165,2025-10-02 19:58:32,3.08226240839371e-05,6.126140212865166e-07,1.6316166871144233e-05,1.3460938849771897e-06,2.3601268051898217e-05,2.1274656617162432e-06
166,2025-10-02 19:59:20,3.10515764430086e-05,7.418159623451789e-07,1.798873728220407e-05,1.6094657327827976e-06,2.5294047995227945e-05,2.433168411154454e-06
167,2025-10-02 20:00:08,2.9973537960747976e-05,7.329087064685379e-07,1.771932252103703e-05,1.334793821769824e-06,2.391001796775427e-05,2.7669229221614395e-06
168,2025-10-02 20:00:56,2.8284412401546888e-05,6.078830478560718e-07,1.6770958275680314e-05,1.522891414296692e-06,2.562749184553681e-05,2.7843152235887315e-06
169,2025-10-02 20:01:48,2.7775352958725463e-05,6.53414990589211e-07,1.6800849380604888e-05,1.5927733655513088e-06,2.411380844979938e-05,2.3688882036190248e-06
170,2025-10-02 20:02:36,2.881956564526611e-05,5.930395243460469e-07,1.655624626173413e-05,1.485558202105309e-06,2.513853602237326e-05,2.663899868682302e-06
171,2025-10-02 20:03:24,2.8021340692019336e-05,5.257992619915858e-07,1.619456125645513e-05,1.5069869578659518e-06,2.4595633889124e-05,2.507846029390513e-06
172,2025-10-02 20:04:12,2.833188642914486e-05,5.914803799236162e-07,1.7121821010546157e-05,1.6353203460431431e-06,2.287407859458135e-05,2.336298158836092e-06
173,2025-10-02 20:05:00,2.968381647017182e-05,6.712373444438472e-07,1.722429929862379e-05,1.4006426322301785e-06,2.3170238978353908e-05,2.24782553492428e-06
174,2025-10-02 20:05:49,2.955649383329373e-05,6.514660290173335e-07,1.6426400918145845e-05,1.462777144673035e-06,2.4137538014779025e-05,2.6075636328197475e-06
175,2025-10-02 20:06:37,2.7366569440578917e-05,5.660529458238903e-07,1.4723143259676164e-05,1.3785371331953962e-06,2.3171988090542328e-05,2.260500334995515e-06
176,2025-10-02 20:07:25,2.541622480545236e-05,6.025193176446772e-07,1.5792601883557467e-05,1.4643509479550736e-06,2.412179132793568e-05,2.2075416837624408e-06
177,2025-10-02 20:08:14,2.744183764824548e-05,5.340676086496634e-07,1.4716251229840438e-05,1.3260073067631349e-06,2.2180632654356103e-05,2.0808412694764896e-06
178,2025-10-02 20:09:02,2.7680406206043173e-05,6.397126247154873e-07,1.520690935619129e-05,1.3697668612564582e-06,2.6169382172147596e-05,2.7504198106111152e-06
179,2025-10-02 20:09:51,2.87826635345656e-05,6.484023831958042e-07,1.6122715388533493e-05,1.3424527892376108e-06,2.540104453085945e-05,2.353103778726253e-06
180,2025-10-02 20:10:39,2.8748468173134256e-05,5.668883938598602e-07,1.7018279229397137e-05,1.5893725676451853e-06,2.321547037831273e-05,2.532545956341564e-06
181,2025-10-02 20:11:27,2.618746350990797e-05,6.353499901517183e-07,1.7300049454771482e-05,1.4389557553961806e-06,2.2682880465918487e-05,2.1850271584243774e-06
182,2025-10-02 20:12:16,2.7616881916880945e-05,5.687050279908934e-07,1.6472269393386085e-05,1.8099320577696465e-06,2.642868250846142e-05,3.363007128136231e-06
183,2025-10-02 20:13:04,2.656682560608914e-05,5.916195031370497e-07,1.621886398761596e-05,1.4944560279654675e-06,2.4055323021965336e-05,2.710893063029863e-06
184,2025-10-02 20:13:55,2.477248298204948e-05,6.088606642541048e-07,1.5323113619070128e-05,1.4748289717427e-06,2.102691209571184e-05,1.6078520341080293e-06
185,2025-10-02 20:14:43,2.4206482012845143e-05,5.698585882690226e-07,1.4182030405374135e-05,1.2905917633467396e-06,2.416330341925565e-05,2.282806109637092e-06
186,2025-10-02 20:15:31,2.82444363690626e-05,5.36305592227673e-07,1.6431335448707785e-05,1.4969334413600782e-06,2.5925545096505687e-05,2.681362563162224e-06
187,2025-10-02 20:16:20,2.7955795032452716e-05,5.370579709088547e-07,1.6803297409717644e-05,1.5414391621098243e-06,2.2848046863144237e-05,2.425216112875426e-06
188,2025-10-02 20:17:08,2.413574155002429e-05,4.937882010076261e-07,1.595963169620518e-05,1.387044645517137e-06,2.4763806806937797e-05,2.839259686867278e-06
189,2025-10-02 20:17:56,2.3182271077448743e-05,3.946612345593844e-07,1.580470155060354e-05,1.3716485373066722e-06,2.5099371261161352e-05,2.3218895800273952e-06
190,2025-10-02 20:18:45,2.5776472416083607e-05,6.104744745988042e-07,1.598471983976779e-05,1.3550223889240565e-06,2.3197245704986717e-05,2.1629784763371985e-06
191,2025-10-02 20:19:33,2.6331105514643127e-05,5.12787687226172e-07,1.612171838516474e-05,1.4713506097148715e-06,2.3346623552189527e-05,2.195085030935472e-06
192,2025-10-02 20:20:22,2.481583650237873e-05,4.538540458140834e-07,1.5589045888608766e-05,1.483082362525724e-06,2.537117983081316e-05,2.458987931664909e-06
193,2025-10-02 20:21:10,2.4612591817518847e-05,5.554309657872786e-07,1.5534043576348466e-05,1.6034422097361744e-06,2.148423887970985e-05,1.978771777651634e-06
194,2025-10-02 20:21:59,2.631617227999428e-05,5.732910031055083e-07,1.5980575451379764e-05,1.4379462168150487e-06,2.5488093581493843e-05,2.7079226198226582e-06
195,2025-10-02 20:22:47,2.571887515778748e-05,5.025863063812874e-07,1.68077363322805e-05,1.6123107682620217e-06,2.2265149156597275e-05,2.6791610716992846e-06
196,2025-10-02 20:23:35,2.4876383715177752e-05,5.113796338637531e-07,1.78794702274665e-05,1.5988587727013628e-06,2.1569574025548377e-05,1.900622331125723e-06
197,2025-10-02 20:24:23,2.531132908134559e-05,5.719899607024454e-07,1.5530892601978152e-05,1.4425101731538162e-06,2.5767860473147053e-05,2.677602024307331e-06
198,2025-10-02 20:25:12,2.406865233783861e-05,5.381856479819793e-07,1.5074210130805454e-05,1.3459081700329808e-06,2.269477544425413e-05,2.3144463868846104e-06
199,2025-10-02 20:26:01,2.6651823884726863e-05,5.226584134238789e-07,1.6585361141130406e-05,1.3962310700532224e-06,2.5196968962193367e-05,2.837680876274184e-06
200,2025-10-02 20:26:52,2.6050750914219375e-05,5.863384176987286e-07,1.7084719135418425e-05,1.5400728223263914e-06,2.3801312925675333e-05,2.8474904251938623e-06
201,2025-10-02 20:27:40,2.6145559718138145e-05,5.12294270164129e-07,1.4365429618745653e-05,1.4702957873750482e-06,2.465440053200929e-05,2.0914381631786118e-06
202,2025-10-02 20:28:29,2.7076620657817685e-05,6.542324574219285e-07,1.6198233197428635e-05,1.4201347364411944e-06,2.2309379120732945e-05,2.390311056667635e-06
203,2025-10-02 20:29:17,2.5987626571577493e-05,4.688511039307005e-07,1.602804539557745e-05,1.4270962259533945e-06,2.451158353555805e-05,2.101181673610796e-06
204,2025-10-02 20:30:05,2.6183096891507773e-05,5.573605117060443e-07,1.776015611776316e-05,1.6993089520133637e-06,2.6004286491465575e-05,2.7868067442313315e-06
205,2025-10-02 20:30:53,2.6051840769092397e-05,5.094399469639957e-07,1.687639282743625e-05,1.4473457041149912e-06,2.564786655367968e-05,2.453508404825059e-06
206,2025-10-02 20:31:42,2.7738148669076423e-05,6.622472314397263e-07,1.5626463023998838e-05,1.4056862826556545e-06,2.3871836002609115e-05,2.938681461116231e-06
207,2025-10-02 20:32:30,2.869237821623294e-05,4.905679361916593e-07,1.667638771207791e-05,1.4927922398106017e-06,2.576342958726663e-05,2.505867346891013e-06
208,2025-10-02 20:33:19,2.829207709864612e-05,5.870452102785748e-07,1.6564030071775093e-05,1.5226383402332631e-06,2.2770363052426745e-05,2.4714109719522826e-06
209,2025-10-02 20:34:08,2.485621468761856e-05,5.433585157232734e-07,1.592501691360937e-05,1.7426367218132033e-06,2.539969720305457e-05,2.808507835618565e-06
210,2025-10-02 20:34:56,2.7292522758459725e-05,6.102801497292284e-07,1.6642634498964526e-05,1.7006772049822486e-06,2.820570218409202e-05,3.181577470842685e-06
211,2025-10-02 20:35:43,2.654053618789121e-05,4.886559585951122e-07,1.5337726050557166e-05,9.954110659620052e-07,2.7059813911600727e-05,3.318733117565064e-06
212,2025-10-02 20:36:31,2.6899011921655003e-05,5.294273968611193e-07,1.5270969838665494e-05,1.5961212186927249e-06,2.6848656217604017e-05,3.250228780056164e-06
213,2025-10-02 20:37:20,2.630192046981783e-05,5.589391585977072e-07,1.6839226138376517e-05,1.6743377407920685e-06,2.400133349733657e-05,2.3677189470350985e-06
214,2025-10-02 20:38:09,2.67512508944634e-05,5.601911634278908e-07,1.68150813422141e-05,1.4602585061497523e-06,2.24598448934632e-05,1.910572949321947e-06
215,2025-10-02 20:38:57,2.5509687699765134e-05,5.234301917922162e-07,1.6618222595354837e-05,1.6426957373108675e-06,2.218233446593665e-05,2.2977109965346507e-06
216,2025-10-02 20:39:46,2.759686316844423e-05,6.431684628168923e-07,1.6749232949697657e-05,1.6536446318810383e-06,2.6514033498514777e-05,2.4574581341403976e-06
217,2025-10-02 20:40:39,2.891506195878968e-05,6.542918556543982e-07,1.743947534293966e-05,1.5484873294133243e-06,2.504937864933332e-05,2.448793423024692e-06
218,2025-10-02 20:41:27,2.8441108629317924e-05,5.72492475958806e-07,1.5369942206966414e-05,1.2689244257991049e-06,2.599977151662713e-05,2.912456038085226e-06
219,2025-10-02 20:42:15,2.6112141940259903e-05,5.346654797523678e-07,1.8227720596231123e-05,1.6339789098010964e-06,2.461279930754401e-05,2.2846498437051687e-06
220,2025-10-02 20:43:04,2.761188492139688e-05,5.106157913155198e-07,1.5977841690828498e-05,1.5117040518119845e-06,2.4409456306218047e-05,2.400505152520594e-06
221,2025-10-02 20:43:52,2.530441685988372e-05,5.55791370977265e-07,1.6106334173926484e-05,1.4109756203528375e-06,2.37183100824101e-05,2.513478935744041e-06
222,2025-10-02 20:44:40,2.6255516544670957e-05,5.129395342193853e-07,1.6922612811720583e-05,1.6289871778883817e-06,2.6094693071687655e-05,2.752996087233197e-06
223,2025-10-02 20:45:28,2.558390341778072e-05,4.476417449648528e-07,1.4472963318912235e-05,1.395570312629819e-06,2.441897900706813e-05,2.3081128103925075e-06
224,2025-10-02 20:46:17,2.39839137958775e-05,4.789661704350364e-07,1.623739983180883e-05,1.5591287733706323e-06,2.6832455446434977e-05,2.629488986966037e-06
225,2025-10-02 20:47:05,2.4244745551182945e-05,4.503183591405709e-07,1.7760119452203682e-05,1.8481771236136388e-06,2.203240911269333e-05,2.179853994687021e-06
226,2025-10-02 20:47:54,2.635600348277478e-05,6.301726219266736e-07,1.664184854588413e-05,1.6549750988968983e-06,2.1773200163055503e-05,1.5809875354384505e-06
227,2025-10-02 20:48:42,2.503808264209262e-05,4.854935269888185e-07,1.708495020125156e-05,1.6834904773234846e-06,2.3745901199134775e-05,2.263465695747817e-06
228,2025-10-02 20:49:30,2.530306425363449e-05,4.394757878870458e-07,1.7147350680701834e-05,1.6488510480940074e-06,2.3771836306085703e-05,2.5633955658308108e-06
229,2025-10-02 20:50:19,2.586441240004511e-05,5.662263123587989e-07,1.5711080465496963e-05,1.451530163296338e-06,2.384768685281813e-05,2.2525437440298963e-06
230,2025-10-02 20:51:07,2.3791254136984463e-05,4.699340647827311e-07,1.1711643043366138e-05,1.0934266960354306e-06,2.714764469113895e-05,2.312568883994652e-06
231,2025-10-02 20:51:55,2.4916547054276705e-05,4.767765694573184e-07,1.582185705539807e-05,1.6266133836057412e-06,2.521479955430728e-05,2.732129306356657e-06
232,2025-10-02 20:52:44,2.387947971405069e-05,4.636526464500047e-07,1.5859694196374008e-05,1.3918770159131705e-06,2.3290425464228548e-05,2.453524364073692e-06
233,2025-10-02 20:53:32,2.489545079131794e-05,5.347846652453279e-07,1.620596352513992e-05,1.7217066770761389e-06,2.303980161899588e-05,2.069563863290917e-06
234,2025-10-02 20:54:20,2.340483763041412e-05,4.573822810295668e-07,1.443577315618505e-05,1.171128049440757e-06,2.3539268829031457e-05,2.1318750398030047e-06
235,2025-10-02 20:55:12,2.2978805492179788e-05,4.917057560700599e-07,1.572313711961648e-05,1.4744584962300074e-06,2.063700565146931e-05,2.092416356302185e-06
236,2025-10-02 20:56:01,2.280080776495552e-05,4.942072918233067e-07,1.4931992032618524e-05,1.445303087078378e-06,2.228509522095301e-05,2.0156212751870757e-06
237,2025-10-02 20:56:49,2.312606790733085e-05,4.371784164164709e-07,1.606022870381807e-05,1.4597227283030248e-06,2.6879380582656157e-05,2.4841692866403222e-06
238,2025-10-02 20:57:37,2.491290086559239e-05,4.2266961271443606e-07,1.5088722287615042e-05,1.3374582298083103e-06,2.7759467037036245e-05,2.85493487216551e-06
239,2025-10-02 20:58:26,2.5239577274627223e-05,5.228754354738468e-07,1.6614405095038975e-05,1.6115239434942787e-06,2.3124506476124296e-05,2.4385473983639284e-06
240,2025-10-02 20:59:14,2.3127603796968543e-05,4.674470839512734e-07,1.2017818031173633e-05,1.284808811527898e-06,2.523532577636267e-05,2.22206556116253e-06
241,2025-10-02 21:00:02,2.586498851053776e-05,5.732449264389929e-07,1.5712939835710316e-05,1.383853307754372e-06,2.7673208307099628e-05,2.994401644987764e-06
242,2025-10-02 21:00:51,2.4099323926884963e-05,4.953733703596068e-07,1.660581404872019e-05,1.5593029087406465e-06,2.1203667445179875e-05,1.5848051648827665e-06
243,2025-10-02 21:01:39,2.5238926385728888e-05,5.197626951243246e-07,1.624973562597276e-05,1.6538015836959096e-06,2.6079247947397025e-05,2.786123786034234e-06
244,2025-10-02 21:02:28,2.5718391111206884e-05,4.225658302085942e-07,1.7635429162776717e-05,1.695598992383076e-06,2.548316637196457e-05,2.9158015559091284e-06
245,2025-10-02 21:03:16,2.466838809667138e-05,4.276495987128426e-07,1.4391447804795732e-05,1.3278839415858782e-06,2.429408809945244e-05,2.2735012080431217e-06
246,2025-10-02 21:04:04,2.409663777247495e-05,4.4377145910930606e-07,1.4151776183579656e-05,1.2600589601156378e-06,2.389511379519149e-05,2.2105797371549237e-06
247,2025-10-02 21:04:53,2.3042118936000836e-05,4.02997735183282e-07,1.6271567187420288e-05,1.6305323501356611e-06,2.2345760463560183e-05,1.9260828835610123e-06
248,2025-10-02 21:05:41,2.422724666129028e-05,4.2927233874309945e-07,1.216505575318827e-05,1.129728111530728e-06,2.545842989887248e-05,2.426847324582496e-06
249,2025-10-02 21:06:30,2.423475307322676e-05,4.67439583109195e-07,1.575154116273403e-05,1.5095941389223723e-06,2.449474244992089e-05,2.2061021413822867e-06
250,2025-10-02 21:07:18,2.358443258554388e-05,3.598535664755424e-07,1.6410003870648282e-05,1.5730516342214173e-06,2.194767459196001e-05,1.9554891819649905e-06
251,2025-10-02 21:08:06,2.4698858633875886e-05,5.464277079444328e-07,1.5273353128453238e-05,1.341703118689375e-06,2.4243203228024868e-05,1.982840547835472e-06
252,2025-10-02 21:08:54,2.224197082489887e-05,4.300890960407556e-07,1.529966288726925e-05,1.4913206929877216e-06,2.3734516397588837e-05,2.3073387117154577e-06
253,2025-10-02 21:09:42,2.6521083682284896e-05,5.976704508275844e-07,1.663187696876456e-05,1.5390070575011596e-06,2.530212341089744e-05,3.0873677752723363e-06
254,2025-10-02 21:10:30,2.338653599665008e-05,5.065618037193075e-07,1.3622701884319356e-05,1.3937269932203013e-06,2.465615346602945e-05,2.579533279946696e-06
255,2025-10-02 21:11:23,2.5198305178886216e-05,5.434316234304898e-07,1.3127102993282236e-05,1.1057120441606122e-06,2.1177831373897504e-05,1.8210114537954604e-06
256,2025-10-02 21:12:12,2.5096603977869947e-05,5.709123396889189e-07,1.631092625475894e-05,1.321269686876094e-06,2.2379597646837723e-05,1.879622597796616e-06
257,2025-10-02 21:13:00,2.3541235174340255e-05,5.070690423352184e-07,1.6212051032526986e-05,1.5010192371901302e-06,2.1749658139613715e-05,2.1276221401839582e-06
258,2025-10-02 21:13:49,2.493691792593289e-05,4.5738255875685014e-07,1.8378340272517946e-05,1.8230860953906495e-06,2.352248178461025e-05,2.159955043377196e-06
259,2025-10-02 21:14:37,2.5020436196010465e-05,5.530882053790086e-07,1.5173347594155118e-05,1.3544421782119503e-06,2.378139487224651e-05,2.3590108656776807e-06
260,2025-10-02 21:15:25,2.418537472803628e-05,5.437238777280973e-07,1.5297620056031747e-05,1.4332306946154864e-06,2.118373854931299e-05,1.970399627267768e-06
261,2025-10-02 21:16:13,2.449756438083206e-05,5.321235823612159e-07,1.5593765569921203e-05,1.4984081342835434e-06,2.7483262319050183e-05,3.4463216813788034e-06
262,2025-10-02 21:17:02,2.4777274099108126e-05,5.11709538958283e-07,1.630149153486471e-05,1.623288406705509e-06,2.604700476527277e-05,2.3642512378239128e-06
263,2025-10-02 21:17:50,2.406161481927072e-05,5.243240994273829e-07,1.6216528591517232e-05,1.4437021831023366e-06,2.55209588335692e-05,2.543651267074216e-06
264,2025-10-02 21:18:38,2.5842012802757e-05,5.956038727552329e-07,1.6632676762995402e-05,1.7367353588791429e-06,2.473726677276744e-05,2.08865178491669e-06
265,2025-10-02 21:19:26,2.584583287412734e-05,4.982845508102943e-07,1.7996129668018668e-05,1.7899126144389056e-06,2.106047550287649e-05,1.665011942255028e-06
266,2025-10-02 21:20:15,2.4280522165742724e-05,5.415591453046565e-07,1.5795116658834374e-05,1.529383289647031e-06,2.259510877844484e-05,2.2608662065257125e-06
267,2025-10-02 21:21:03,2.5722984958731487e-05,5.657066886759267e-07,1.530603997323965e-05,1.4608261853231578e-06,2.5180287170911697e-05,2.5759285728379016e-06
268,2025-10-02 21:21:51,2.6012825131704886e-05,4.936207957213221e-07,1.5574454036881846e-05,1.4292145820516597e-06,2.6515720678021992e-05,2.96052097172968e-06
269,2025-10-02 21:22:39,2.4412968550713288e-05,5.085437016886487e-07,1.678706934393759e-05,1.6792122333179268e-06,2.233386321526254e-05,1.916335869980108e-06
270,2025-10-02 21:23:27,2.548172496985579e-05,4.652415500258935e-07,1.672214442494102e-05,1.7321541651301311e-06,2.595387602100097e-05,2.8777281125667484e-06
271,2025-10-02 21:24:15,2.4963156465940276e-05,4.439454581397294e-07,1.5418284841306473e-05,1.5282120397601316e-06,2.3964015484434498e-05,2.302753909228372e-06
272,2025-10-02 21:25:06,2.437394254761749e-05,5.074442233614714e-07,1.6770033570923104e-05,1.7340718952175332e-06,2.228478682075874e-05,1.8701405179422371e-06
273,2025-10-02 21:25:54,2.183659690824236e-05,3.90368559750083e-07,1.4925624136630232e-05,1.534305650381378e-06,2.3157224491532347e-05,1.9415848542066477e-06
274,2025-10-02 21:26:43,2.397529928122033e-05,4.966987445688695e-07,1.6747295867647338e-05,1.5736179661518914e-06,2.234565578906889e-05,1.9242199290563767e-06
275,2025-10-02 21:27:35,2.392041738263906e-05,3.9020605635947643e-07,1.5455787277351973e-05,1.3614496419860863e-06,2.1911804438667914e-05,2.206816421649158e-06
276,2025-10-02 21:28:23,2.3695607139329056e-05,4.159801194534304e-07,1.6179137902083696e-05,1.4113203403821586e-06,2.6638567171444197e-05,2.9718445615765023e-06
277,2025-10-02 21:29:12,2.424636113329548e-05,5.20162911393524e-07,1.574077983179656e-05,1.3978220199082778e-06,2.2443367312163787e-05,2.0198160351960207e-06
278,2025-10-02 21:30:00,2.153215371136774e-05,4.1357115470863e-07,1.461038233330214e-05,1.407361020628218e-06,2.495724852558112e-05,2.442933462941757e-06
279,2025-10-02 21:30:48,2.1503940759615148e-05,4.380402643029892e-07,1.5002631223559604e-05,1.508663013483875e-06,2.1085759158046e-05,1.609732012512534e-06
280,2025-10-02 21:31:36,2.305840183458585e-05,4.485322892360655e-07,1.4901526565580523e-05,1.2882078821861258e-06,2.7334727168426557e-05,2.422326416133584e-06
281,2025-10-02 21:32:24,2.2282676331641937e-05,4.584743422502826e-07,1.5272811975775014e-05,1.3552037819191684e-06,2.8801310104853428e-05,2.969646675237138e-06
282,2025-10-02 21:33:13,2.2280966531784685e-05,4.4974815659383166e-07,1.6452986881576592e-05,1.6668601025970902e-06,2.733723990933079e-05,2.66353412699356e-06
283,2025-10-02 21:34:01,2.3273188487493712e-05,5.107820114183007e-07,1.5020933681331172e-05,1.4705098461432806e-06,2.7101419054043063e-05,2.890050198507766e-06
284,2025-10-02 21:34:49,2.13910275865814e-05,3.971068484045739e-07,1.3504418044485432e-05,1.2616227555151165e-06,3.059423451312604e-05,3.242349934581326e-06
285,2025-10-02 21:35:37,2.1173447610101093e-05,4.005374918334698e-07,1.578502433408069e-05,1.3274061744654996e-06,2.236324515658694e-05,2.21065424583744e-06
286,2025-10-02 21:36:25,2.095012596980972e-05,4.2643621045778347e-07,1.5120952083558237e-05,1.3733470297157728e-06,2.6384314661287437e-05,2.605551923871296e-06
287,2025-10-02 21:37:13,2.1312738452961e-05,4.33351949306664e-07,1.6379374375263822e-05,1.7004822877729604e-06,2.353763706741674e-05,2.116553135989131e-06
288,2025-10-02 21:38:02,2.324398554121032e-05,5.005838708468641e-07,1.544879127646226e-05,1.3622549738999398e-06,2.921843942371716e-05,3.4226906662939265e-06
289,2025-10-02 21:38:50,2.2225651286733598e-05,5.373517929980231e-07,1.4301654646331484e-05,1.3182197500129624e-06,2.493756998900309e-05,1.8170019435497876e-06
290,2025-10-02 21:39:39,2.2529680135496832e-05,4.927439935256116e-07,1.556340779917953e-05,1.5777136926241083e-06,2.4816551960737957e-05,2.182296985044991e-06
291,2025-10-02 21:40:27,2.276047576788009e-05,5.181497274817377e-07,1.191481350293344e-05,1.2134178244360923e-06,2.226041234099085e-05,1.5289927011207128e-06
292,2025-10-02 21:41:15,4.6926237363464907e-05,1.4599420591128788e-06,1.7561389803466554e-05,1.360756688057806e-06,3.089133297384805e-05,2.923003481469017e-06
293,2025-10-02 21:42:03,4.323613800694126e-05,1.1275545352375802e-06,1.6784893093646502e-05,1.4414968555636655e-06,3.473554500543763e-05,4.091310942821816e-06
294,2025-10-02 21:42:51,4.33377548929581e-05,1.1828805270872106e-06,1.7998900050386624e-05,1.4307891429979663e-06,3.488004294927016e-05,4.191085583356892e-06
295,2025-10-02 21:43:39,4.474456730862997e-05,1.4830936763809291e-06,1.677183557613482e-05,1.2852224035421577e-06,3.115440465495389e-05,3.813037820573041e-06
296,2025-10-02 21:44:27,4.817919487032363e-05,1.5957864301751848e-06,1.8051342295155592e-05,1.493766406942949e-06,3.725206368621059e-05,5.545822892286876e-06
297,2025-10-02 21:45:21,4.584222284731432e-05,1.25396695857792e-06,2.0577590031933823e-05,1.80329720686966e-06,3.237533800826142e-05,2.9403457436463044e-06
298,2025-10-02 21:46:09,3.632783522466987e-05,7.513608314673149e-07,1.7333400493591e-05,1.5058741492115763e-06,2.7761322763275587e-05,2.9854925350974035e-06
299,2025-10-02 21:46:57,4.170744514886415e-05,1.1427412301543503e-06,1.864205404045194e-05,1.7462213891837158e-06,2.930973330839137e-05,2.935878068962145e-06
300,2025-10-02 21:47:46,4.204282486797162e-05,1.3018985401317149e-06,1.656483045642254e-05,1.3544527396366917e-06,3.216103347192245e-05,4.149937060389395e-06
301,2025-10-02 21:48:34,4.464742031795588e-05,1.1310217018718846e-06,1.9881733223092724e-05,1.74196427293888e-06,3.2834708902029774e-05,3.913041539921717e-06
302,2025-10-02 21:49:23,4.188596651499843e-05,1.1760499642735254e-06,1.8919257357641328e-05,1.535798822746796e-06,3.445688369496658e-05,4.625832035247259e-06
303,2025-10-02 21:50:11,4.250544640171938e-05,1.0362665616644153e-06,1.964369112195108e-05,1.8761522812511497e-06,3.4655660378746234e-05,4.108294345182582e-06
304,2025-10-02 21:50:59,4.239544214201807e-05,1.1667485737603005e-06,1.7970208192163994e-05,1.5520234185669405e-06,3.1450598286353326e-05,2.670781315715792e-06
305,2025-10-02 21:51:48,4.431583953512508e-05,1.0545963004681966e-06,1.912933771119896e-05,1.6488333630420812e-06,3.327893872651089e-05,3.8010544271187175e-06
306,2025-10-02 21:52:36,4.0530288319073904e-05,1.11776152263857e-06,1.8888425481478063e-05,1.6084771200054284e-06,3.1707294660510144e-05,3.391645543353485e-06
307,2025-10-02 21:53:24,4.144035178099692e-05,1.1740652474146022e-06,1.891717272117788e-05,1.5460717010394104e-06,3.348066007413664e-05,4.171430026951775e-06
308,2025-10-02 21:54:12,4.1315085815840646e-05,1.0776894773430392e-06,1.881842898887598e-05,1.6496396807851974e-06,3.630560995127041e-05,4.957209520982764e-06
309,2025-10-02 21:55:01,3.631096254874677e-05,1.024448574698129e-06,1.6070254974964726e-05,1.3093281849051886e-06,2.7920774017919925e-05,3.236690893008256e-06
310,2025-10-02 21:55:49,4.1579970558425217e-05,1.0520017623845215e-06,1.833140840501457e-05,1.4776185998812718e-06,2.9745271650005733e-05,3.933064873464836e-06
311,2025-10-02 21:56:37,4.1845553792718704e-05,1.3243013232719723e-06,1.3594760284174612e-05,1.3736060990252052e-06,3.472120575453985e-05,4.203201473704708e-06
312,2025-10-02 21:57:25,4.142689599007099e-05,1.0998056878878384e-06,1.6558960607371276e-05,1.3490790968491462e-06,2.908856586847364e-05,3.029687601869013e-06
313,2025-10-02 21:58:14,4.373169036453461e-05,1.4095584785234208e-06,1.920791282850054e-05,1.3843991034956029e-06,2.7888272449594357e-05,2.889414552517862e-06
314,2025-10-02 21:59:02,4.324465461924554e-05,1.1027353745458446e-06,1.8236853291941912e-05,1.6070782607326631e-06,4.0684661947842926e-05,5.414302582470181e-06
315,2025-10-02 21:59:50,4.40725725698865e-05,9.462436142770665e-07,1.962568996205505e-05,1.671800269900445e-06,2.975778049596478e-05,3.355473547419938e-06
316,2025-10-02 22:00:38,4.150401635083512e-05,1.2195896376783147e-06,1.7308450629416328e-05,1.4619741393887706e-06,3.1703898173862655e-05,3.9071412172237964e-06
317,2025-10-02 22:01:27,4.100991555744393e-05,9.91608583877766e-07,1.7469264627534287e-05,1.365829037179016e-06,3.0139972397646982e-05,3.87560719720568e-06
318,2025-10-02 22:02:15,4.028898163510597e-05,1.0353155161763508e-06,1.8439520968360767e-05,1.7211879176133158e-06,3.044116248540618e-05,3.301179254945206e-06
319,2025-10-02 22:03:03,3.9918348153422656e-05,1.0244546092064978e-06,1.6526472054412267e-05,1.2781763057932485e-06,2.757277302523065e-05,2.648167314255906e-06
320,2025-10-02 22:03:56,4.177671718008647e-05,1.0286855211193502e-06,1.8143975317519437e-05,1.85788611338852e-06,2.771327523221068e-05,2.813379000175064e-06
321,2025-10-02 22:04:45,4.863115866293733e-05,1.571807925784792e-06,1.67803092081531e-05,1.740089010208622e-06,3.37150995375346e-05,3.526257145076608e-06
322,2025-10-02 22:05:33,4.306363892836451e-05,1.0407528322950542e-06,1.9941902271058964e-05,1.685176444802671e-06,3.0526609276160244e-05,2.8449531280299063e-06
323,2025-10-02 22:06:21,4.4658725938395705e-05,1.282557687596562e-06,1.8783692634638527e-05,1.6378188925836698e-06,2.9523095495864737e-05,2.811114122266638e-06
324,2025-10-02 22:07:10,4.843058933112765e-05,1.2156787079207496e-06,1.8448458281250524e-05,1.467604436097919e-06,3.1878554311859375e-05,3.928279885873695e-06
325,2025-10-02 22:07:58,4.879143277336517e-05,1.326373146143264e-06,1.86432117241786e-05,1.5074376493792434e-06,3.6521176579817904e-05,5.462238483360085e-06
326,2025-10-02 22:08:45,4.997682692375882e-05,1.3394928318225048e-06,2.1215510281669125e-05,1.9005378697052183e-06,2.616707116498418e-05,2.9421736506749767e-06
327,2025-10-02 22:09:33,4.701213394442405e-05,1.3743546456146616e-06,1.9124195420161527e-05,1.5251856135396807e-06,3.090454884402405e-05,3.6656708322637385e-06
328,2025-10-02 22:10:21,4.767827861895668e-05,1.2857658593013584e-06,2.083116869844304e-05,1.8123325432008355e-06,3.231001033343617e-05,4.253035107679622e-06
329,2025-10-02 22:11:10,4.964460775624957e-05,1.33949624243164e-06,2.1449893240710335e-05,1.7763986719486392e-06,3.147191497676616e-05,3.417045346813451e-06
330,2025-10-02 22:11:58,4.7995824770330486e-05,1.3820643402814778e-06,1.831965298326743e-05,1.3619802161611972e-06,3.399423845906746e-05,4.9059559177972e-06
331,2025-10-02 22:12:46,3.913191227922219e-05,1.1521773027695307e-06,1.592645348269528e-05,1.5099417832191744e-06,2.58516021460764e-05,2.4098366023226312e-06
332,2025-10-02 22:13:34,2.933108417813024e-05,1.0328159336931298e-06,1.2631271558927182e-05,1.1650621879472435e-06,2.5708001018420745e-05,2.51002971102585e-06
333,2025-10-02 22:14:22,2.463182310008527e-05,8.534369270451646e-07,8.051518826102111e-06,6.19847453512147e-07,1.955108772144776e-05,1.5276547199057782e-06
334,2025-10-02 22:15:10,2.0426320809452392e-05,6.014306045523703e-07,8.049171541291145e-06,7.280864390229131e-07,1.879570616103443e-05,1.2362986991026868e-06
335,2025-10-02 22:15:59,2.439000533405178e-05,9.421731341304772e-07,1.1112120566592054e-05,1.15022740535655e-06,1.7955824780813145e-05,1.3700890339998355e-06
336,2025-10-02 22:16:48,2.1278086254516992e-05,8.108082226244055e-07,9.39830695645405e-06,9.848689722347147e-07,1.8139239633674364e-05,1.2960919194634477e-06
337,2025-10-02 22:17:36,2.028657368113862e-05,7.858497387416452e-07,8.046834707231554e-06,7.757438929575493e-07,2.021281003483644e-05,1.4227061764107162e-06
338,2025-10-02 22:18:24,1.847972479884774e-05,7.620923393247808e-07,7.665321392069657e-06,1.3482945895272245e-06,1.8660569151229826e-05,1.436677060451882e-06
339,2025-10-02 22:19:13,1.7422730136829045e-05,6.38801752940407e-07,6.288348042282621e-06,5.692078349034763e-07,1.7634990801429495e-05,1.2815299173609118e-06
340,2025-10-02 22:20:01,1.9878479859514187e-05,8.553200574221002e-07,8.817926406834431e-06,1.143400296916426e-06,2.0737760526134963e-05,1.2899342385762916e-06
341,2025-10-02 22:20:50,1.758138366581008e-05,7.847456380990767e-07,6.790441350990051e-06,6.739375256277061e-07,1.7689135121568e-05,1.1795441695713997e-06
342,2025-10-02 22:21:39,1.9262695538868613e-05,8.36606381199239e-07,7.920375105108235e-06,8.6525108983012e-07,2.197647476354092e-05,2.117341843709234e-06
343,2025-10-02 22:22:27,2.682700982203912e-05,8.763779403972977e-07,1.0648718264283374e-05,8.908687779832747e-07,2.4190730448347963e-05,2.3575628923821696e-06
344,2025-10-02 22:23:15,2.925016731669672e-05,8.447620441750456e-07,1.3972718011734386e-05,1.187990740673739e-06,2.5387815164146232e-05,2.294070298269179e-06
345,2025-10-02 22:24:10,3.1025522325478505e-05,7.908419731986233e-07,1.4307456110973504e-05,1.212817567525209e-06,2.6126845192209203e-05,2.5263441136997395e-06
346,2025-10-02 22:24:58,3.3852245673315906e-05,9.928523372058937e-07,1.5431376335195424e-05,1.3290324995830468e-06,2.803057626743488e-05,2.16651368569894e-06
347,2025-10-02 22:25:47,3.4406028442290904e-05,9.49134439990487e-07,1.5233198829456285e-05,1.3618440702636837e-06,2.9606673007220863e-05,2.6105088173717585e-06
348,2025-10-02 22:26:35,3.209046336039023e-05,8.521995640656847e-07,1.56546969938276e-05,1.519836062734309e-06,2.6343782679516536e-05,2.178925157544432e-06
349,2025-10-02 22:27:22,2.7589288659202182e-05,9.85096255517822e-07,1.3502532884457352e-05,1.344772382242292e-06,2.735033523326713e-05,2.1210992056543324e-06
350,2025-10-02 22:28:11,2.946373693490933e-05,1.0339434167330495e-06,1.3310390009069197e-05,1.0561831435040978e-06,2.6130697176940387e-05,2.215622960835456e-06
351,2025-10-02 22:28:59,2.5646883520913377e-05,9.25635962729822e-07,1.2881990625768225e-05,1.1938861573227992e-06,2.3080247406825904e-05,2.127327395610083e-06
352,2025-10-02 22:29:47,3.298686216646196e-05,8.149998314053331e-07,1.5119055269074975e-05,1.5202554724618885e-06,2.830515263885225e-05,2.583480983796964e-06
353,2025-10-02 22:30:35,3.802054012314038e-05,1.2054571744670593e-06,1.6561823162231093e-05,1.3472792251636223e-06,3.3909783805130544e-05,3.701884543343531e-06
354,2025-10-02 22:31:23,3.667679021912562e-05,9.957600559547695e-07,1.5636287903353363e-05,1.5532425851323178e-06,2.9740754464047114e-05,3.389879958417296e-06
355,2025-10-02 22:32:11,3.127358762000654e-05,7.872704714072033e-07,1.4450065754179064e-05,1.2792535552756929e-06,2.9932762549478294e-05,3.14884961593224e-06
356,2025-10-02 22:33:00,3.476002799107647e-05,8.694714201235677e-07,1.4931438753418291e-05,1.4681378150121645e-06,2.620096417094153e-05,2.341047873143953e-06
357,2025-10-02 22:33:49,3.31517574820861e-05,8.818891875249144e-07,1.532820502481158e-05,1.335604897943304e-06,3.0762367145609204e-05,3.313633990397096e-06
358,2025-10-02 22:34:37,3.236848926713165e-05,1.072699380158276e-06,1.5575626464592318e-05,1.2781462843347469e-06,3.092797904558076e-05,2.843355405430288e-06
359,2025-10-02 22:35:25,2.963858157012389e-05,1.2215966550864451e-06,1.0857472848124772e-05,8.451604574747651e-07,2.824720263872038e-05,2.7065106356578566e-06
360,2025-10-02 22:36:13,3.142634199937433e-05,8.243754317901416e-07,1.5164663638378428e-05,1.3283133908333876e-06,3.086541432950618e-05,3.359685968752005e-06
361,2025-10-02 22:37:02,2.8554914223155592e-05,8.985865681504622e-07,1.3425063994265685e-05,1.4496546866805476e-06,2.8999017771758066e-05,2.8716420322176165e-06
362,2025-10-02 22:37:50,2.5304985173946196e-05,6.803613148584359e-07,1.3456891927221548e-05,1.229181100506441e-06,2.750907698234606e-05,2.6536196558892805e-06
363,2025-10-02 22:38:37,2.522992586251327e-05,8.137625981894447e-07,1.1349400260485254e-05,8.638795985906473e-07,2.722980114855389e-05,2.28427922221045e-06
364,2025-10-02 22:39:24,3.03733754745128e-05,7.785097436844362e-07,1.414174757186082e-05,1.389977045121989e-06,2.9576025977196e-05,2.9109199835372867e-06
365,2025-10-02 22:40:25,2.827001858562994e-05,1.0952829311828134e-06,1.3380927358586092e-05,1.3123623250526632e-06,3.334567274815292e-05,3.360362329957844e-06
366,2025-10-02 22:41:13,2.6873361745227697e-05,1.0089971662109138e-06,1.176861759288883e-05,1.081834546054801e-06,2.8394087975947e-05,1.96890123925356e-06
367,2025-10-02 22:42:01,1.658123622028107e-05,7.44766282463693e-07,7.45860670714471e-06,7.483209587158922e-07,1.8282913223366396e-05,1.110510851597673e-06
368,2025-10-02 22:42:49,2.8143798951107968e-05,1.073256290629457e-06,3.517308236444805e-06,1.8374202085536072e-06,2.224636319270168e-05,1.7057376957350527e-06
369,2025-10-02 22:43:38,3.703098625740253e-05,9.953297115964513e-07,1.303832838428498e-05,1.0517471860302625e-06,2.9499967786783543e-05,3.269053657978803e-06
370,2025-10-02 22:44:26,,,,,,
371,2025-10-02 22:45:07,3.863133546055941e-05,1.012062871281934e-06,1.6126858674470057e-05,1.3930842819654264e-06,2.341926034366004e-05,2.391365159222109e-06
372,2025-10-02 22:46:01,4.263743371701878e-05,1.0065526533138203e-06,1.4279955063756232e-05,1.1062024092162317e-06,3.0837304870523496e-05,2.3300572714807857e-06
373,2025-10-02 22:46:49,4.558983973868003e-05,1.4056110000817904e-06,1.675253602395621e-05,1.451250003883152e-06,2.728451083466865e-05,3.270587113156214e-06
374,2025-10-02 22:47:37,4.592215522114529e-05,1.2163425032467528e-06,1.699703385549256e-05,1.362212936988334e-06,3.3124732557343606e-05,5.009010506631832e-06
375,2025-10-02 22:48:25,4.278198390550436e-05,1.5325658246792845e-06,1.86236360746328e-05,1.4788086732657724e-06,2.9183385427788977e-05,2.6322815256883045e-06
376,2025-10-02 22:49:14,4.2597166417301935e-05,1.2154063583127252e-06,1.1111422620224689e-05,9.784941339032182e-07,2.649619331052122e-05,2.790684343693265e-06
377,2025-10-02 22:50:02,4.044150728921281e-05,1.4374242184166769e-06,1.384413996996514e-05,1.1150291838593854e-06,2.999222242139332e-05,3.537594544067962e-06
378,2025-10-02 22:50:50,3.710338090900933e-05,1.4360588584204504e-06,1.5023783552781111e-05,1.2346582998340056e-06,2.6346602955973356e-05,2.1612618071413037e-06
379,2025-10-02 22:51:38,3.964598933303698e-05,1.2839950796864617e-06,1.4100316090948084e-05,1.2819427732582392e-06,2.358185865225515e-05,2.13503128691184e-06
380,2025-10-02 22:52:26,4.110884558472527e-05,1.3820534639031558e-06,1.5104430822754368e-05,1.322023276890703e-06,2.354189471165391e-05,1.973511175027197e-06
381,2025-10-02 22:53:14,,,,,,
382,2025-10-02 22:53:55,4.056050084688678e-05,1.4051127338589048e-06,1.4843756876548042e-05,1.1963245428478984e-06,2.913466061982284e-05,3.426806077256733e-06
383,2025-10-02 22:54:41,,,,,,
384,2025-10-02 22:55:42,4.424236102495982e-05,1.6766049276682928e-06,1.474977389404053e-05,1.1318984618671982e-06,2.735970847056457e-05,2.536294205810229e-06
385,2025-10-02 22:56:36,3.740864020107537e-05,1.1317073594663137e-06,1.748971663717569e-05,1.5377206290073411e-06,3.019999256381745e-05,3.337825727761954e-06
386,2025-10-02 22:57:25,3.731059561684624e-05,1.200029086936094e-06,1.518131448619009e-05,1.0654550267554284e-06,2.273024142929181e-05,2.343241688265847e-06
387,2025-10-02 22:58:13,3.978849082919567e-05,1.7480576141086216e-06,1.2612648751852971e-05,1.2531565324326947e-06,2.5911936110123435e-05,2.5629414822629258e-06
388,2025-10-02 22:59:01,4.196162176017815e-05,1.1800692758227618e-06,1.471279941056558e-05,1.3532667518414203e-06,2.738751611208734e-05,3.0535717956786192e-06
389,2025-10-02 22:59:49,4.070736434957922e-05,1.0127090905928244e-06,1.5197531424870904e-05,1.4003000476034303e-06,2.467932630101366e-05,2.2641902436064334e-06
390,2025-10-02 23:00:34,,,,,,
391,2025-10-02 23:01:16,,,,,,
392,2025-10-02 23:01:58,,,,,,
393,2025-10-02 23:02:55,4.238004092771419e-05,1.120161312556146e-06,1.3102739549131217e-05,1.1005743705998953e-06,2.4686155831510348e-05,2.53781431410018e-06
394,2025-10-02 23:03:57,,,,,,
395,2025-10-02 23:04:39,4.208532001359622e-05,1.4251540494769073e-06,1.4058483273293731e-05,1.124448501356922e-06,2.834391147565896e-05,3.022400229172324e-06
396,2025-10-02 23:05:24,,,,,,
397,2025-10-02 23:06:06,,,,,,
398,2025-10-02 23:06:49,,,,,,
399,2025-10-02 23:07:42,4.415654455569573e-05,9.643924645048094e-07,1.618636609457269e-05,1.3794680827710635e-06,2.7867082069699123e-05,2.678207113726437e-06
400,2025-10-02 23:08:40,,,,,,
401,2025-10-02 23:09:22,,,,,,
402,2025-10-02 23:10:04,,,,,,
403,2025-10-02 23:10:46,,,,,,
404,2025-10-02 23:11:27,,,,,,
405,2025-10-02 23:12:11,,,,,,
406,2025-10-02 23:13:25,,,,,,
407,2025-10-02 23:14:43,,,,,,
408,2025-10-02 23:15:30,,,,,,
409,2025-10-02 23:16:46,4.257709985111546e-05,1.5756223573324849e-06,1.5202963510096978e-05,1.5250788763557115e-06,2.529831965869533e-05,2.447847321957912e-06
410,2025-10-02 23:18:23,3.898884687814075e-05,1.322150197011813e-06,1.392196112326438e-05,1.1979670965307554e-06,2.3506769613934608e-05,2.1954277689935177e-06
411,2025-10-02 23:19:11,4.158618079319609e-05,1.3764628323509937e-06,1.5462496074647447e-05,1.173650945703555e-06,3.0539938865592475e-05,3.211900180808115e-06
412,2025-10-02 23:19:59,4.484659103454192e-05,1.5437896590312322e-06,1.6573689958221394e-05,1.183516203304257e-06,3.014403379864028e-05,3.5473034320692374e-06
413,2025-10-02 23:20:47,3.940114920841786e-05,1.116646199812119e-06,1.5609723409859555e-05,1.4990740536943114e-06,2.8984049451619143e-05,2.8574938318854547e-06
414,2025-10-02 23:21:34,4.461633863717118e-05,1.3767179137488264e-06,1.5860882674356702e-05,1.233099709517309e-06,2.8762187273212447e-05,3.0856487776945263e-06
415,2025-10-02 23:22:22,4.651962026502865e-05,1.3552015139707297e-06,1.833753606961253e-05,1.524590650414781e-06,2.6770295343370165e-05,2.618167387719524e-06
416,2025-10-02 23:23:10,4.288846879374475e-05,1.1049872814171226e-06,1.5982317265184065e-05,1.3732289463458863e-06,3.171906564536364e-05,3.0603122973227168e-06
417,2025-10-02 23:23:58,4.159293841654588e-05,1.0771908478611242e-06,1.5349256230035024e-05,1.2437294642058665e-06,3.031551691523582e-05,3.168990060251949e-06
418,2025-10-02 23:24:45,4.390047223745697e-05,1.2926110442396211e-06,1.6208182205712518e-05,1.1895263831687318e-06,3.055035386601013e-05,4.065319541975686e-06
419,2025-10-02 23:25:31,4.518380639040309e-05,1.36830604527214e-06,1.0465594164843496e-05,7.947250639504154e-07,2.818063095988421e-05,2.674681588376662e-06
420,2025-10-02 23:26:16,4.701862309830496e-05,1.3048973351823308e-06,1.624090398033573e-05,1.1906365929214362e-06,3.6723178061137673e-05,5.200143672881636e-06
421,2025-10-02 23:27:01,4.631226192319815e-05,1.4938266519311778e-06,1.5929511922418982e-05,1.3523809625022045e-06,2.7836419609128527e-05,3.170152731178637e-06
422,2025-10-02 23:27:46,4.816121182682487e-05,2.097768422179037e-06,1.371688995654985e-05,1.1753178547219948e-06,2.4328447693289235e-05,2.2815445192928853e-06
423,2025-10-02 23:28:32,4.96740031095122e-05,1.337728981271501e-06,1.807680532284195e-05,1.5159136614755328e-06,3.024713537991275e-05,3.8070884055592337e-06
424,2025-10-02 23:29:17,5.230921640397845e-05,1.6479781829080146e-06,1.8323299878275637e-05,1.434626279805112e-06,2.9878938660798937e-05,2.7539088606710745e-06
425,2025-10-02 23:30:02,5.036299892213769e-05,1.792399968468776e-06,1.6843235297825387e-05,1.417740655140732e-06,3.3999337198942214e-05,3.125668091912157e-06
426,2025-10-02 23:30:47,4.508491470267551e-05,1.2540703317169215e-06,1.45925879193598e-05,1.4132830129248e-06,2.870246529562692e-05,2.966976504934893e-06
427,2025-10-02 23:31:33,,,,,,
428,2025-10-02 23:33:02,4.604836893262743e-05,1.25431974168751e-06,1.8001774238607382e-05,1.4514866240311102e-06,2.6815477933928022e-05,2.3734469619848973e-06
429,2025-10-02 23:33:52,4.849216553215463e-05,1.5184693229031506e-06,1.7067160597905584e-05,1.4669017799675953e-06,2.81025999360196e-05,2.8158598293163967e-06
430,2025-10-02 23:34:38,5.111195956919445e-05,1.6549242248858908e-06,1.8802966365916163e-05,1.5893826946705283e-06,4.056476451586022e-05,5.31791043222625e-06
